{
  "episode_rewards": [
    269.0,
    250.0,
    238.0,
    225.0,
    257.0,
    234.0,
    232.0,
    254.0,
    239.0,
    255.0,
    258.0,
    237.0,
    233.0,
    236.0,
    245.0,
    245.0,
    257.0,
    247.0,
    229.0,
    241.0,
    249.0,
    241.0,
    258.0,
    260.0,
    221.0,
    260.0,
    238.0,
    222.0,
    256.0,
    246.0,
    255.0,
    249.0,
    261.0,
    223.0,
    252.0,
    243.0,
    258.0,
    244.0,
    262.0,
    246.0,
    267.0,
    254.0,
    251.0,
    252.0,
    259.0,
    238.0,
    222.0,
    256.0,
    252.0,
    262.0
  ],
  "episode_lengths": [
    50,
    50,
    50,
    50,
    50,
    50,
    50,
    50,
    50,
    50,
    50,
    50,
    50,
    50,
    50,
    50,
    50,
    50,
    50,
    50,
    50,
    50,
    50,
    50,
    50,
    50,
    50,
    50,
    50,
    50,
    50,
    50,
    50,
    50,
    50,
    50,
    50,
    50,
    50,
    50,
    50,
    50,
    50,
    50,
    50,
    50,
    50,
    50,
    50,
    50
  ],
  "critic_losses": [
    0.0,
    0.0,
    0.0,
    0.0,
    0.0,
    0.0,
    0.0,
    0.0,
    0.0,
    0.0,
    0.0,
    0.0,
    0.0,
    0.0,
    0.0,
    0.0,
    0.0,
    0.0,
    0.0,
    0.0,
    0.16229027361869813,
    0.11757346026301384,
    0.10084392895102501,
    0.08738614246696234,
    0.07731336520314216,
    0.0711584358394146,
    0.06636485940366983,
    0.06385467617809773,
    0.0656286518678069,
    0.06746459829509258,
    0.0682119361370802,
    0.0718304586172104,
    0.07578829706311226,
    0.07793959472179413,
    0.08210019639730454,
    0.08720196387171746,
    0.09020425515174865,
    0.09381034288704396,
    0.10044410594403744,
    0.10641419481933118,
    0.10860738718509674,
    0.11655388419628143,
    0.1145739058315754,
    0.12248572452366352,
    0.13334189294278623,
    0.13311407986581325,
    0.14438296389877797,
    0.14321455368101596,
    0.14324124493300916,
    0.15237460514307022
  ],
  "actor_losses": [
    0.0,
    0.0,
    0.0,
    0.0,
    0.0,
    0.0,
    0.0,
    0.0,
    0.0,
    0.0,
    0.0,
    0.0,
    0.0,
    0.0,
    0.0,
    0.0,
    0.0,
    0.0,
    0.0,
    0.0,
    -0.1621857355132699,
    -0.3169309455931187,
    -0.47462497045397756,
    -0.6063691638570279,
    -0.7171181775569916,
    -0.8222102335277944,
    -0.927429521548748,
    -1.0341903910312802,
    -1.1440828666351737,
    -1.264491974738799,
    -1.3866384610233828,
    -1.5023318610191345,
    -1.6215309675097465,
    -1.742831646347046,
    -1.862062144947052,
    -1.9840528821945191,
    -2.1049856310367585,
    -2.230330096054077,
    -2.3487021349430086,
    -2.467548208808899,
    -2.585077443122864,
    -2.699320150279999,
    -2.818539640235901,
    -2.9314163935661317,
    -3.0418709277153013,
    -3.1588248572349547,
    -3.26457205619812,
    -3.3767392879486082,
    -3.493217372703552,
    -3.599569199562073
  ],
  "best_reward": -Infinity,
  "total_time": 229.14861869812012,
  "config": {
    "n_obs_neighbors": 1,
    "n_reward_neighbors": 1,
    "grid_x": 5,
    "grid_y": 5,
    "ddl": 2,
    "max_episodes": 50,
    "seed": 42
  }
}