{
  "episode_rewards": [
    230.0,
    258.0,
    262.0,
    254.0,
    241.0,
    264.0,
    251.0,
    241.0,
    261.0,
    234.0,
    243.0,
    252.0,
    245.0,
    239.0,
    258.0,
    231.0,
    258.0,
    250.0,
    218.0,
    248.0,
    239.0,
    265.0,
    246.0,
    240.0,
    258.0,
    241.0,
    251.0,
    230.0,
    256.0,
    244.0,
    230.0,
    225.0,
    253.0,
    246.0,
    278.0,
    254.0,
    251.0,
    248.0,
    254.0,
    234.0,
    238.0,
    242.0,
    267.0,
    263.0,
    239.0,
    242.0,
    249.0,
    230.0,
    229.0,
    243.0
  ],
  "episode_lengths": [
    50,
    50,
    50,
    50,
    50,
    50,
    50,
    50,
    50,
    50,
    50,
    50,
    50,
    50,
    50,
    50,
    50,
    50,
    50,
    50,
    50,
    50,
    50,
    50,
    50,
    50,
    50,
    50,
    50,
    50,
    50,
    50,
    50,
    50,
    50,
    50,
    50,
    50,
    50,
    50,
    50,
    50,
    50,
    50,
    50,
    50,
    50,
    50,
    50,
    50
  ],
  "critic_losses": [
    0.0,
    0.0,
    0.0,
    0.0,
    0.0,
    0.0,
    0.0,
    0.0,
    0.0,
    0.0,
    0.0,
    0.0,
    0.0,
    0.0,
    0.0,
    0.0,
    0.0,
    0.0,
    0.0,
    0.0,
    0.06610296306908131,
    0.03159234562218189,
    0.026606563509255648,
    0.023509927635639905,
    0.020243322004377843,
    0.018000899926573038,
    0.014090977836214005,
    0.011886383946612478,
    0.010819181093480438,
    0.010666432271059602,
    0.009851279304828495,
    0.008490465122740716,
    0.007839831580780447,
    0.007853329392895103,
    0.00845074190888554,
    0.008955112306773663,
    0.00826614603549242,
    0.008884774494729936,
    0.010221255844086409,
    0.00862539240475744,
    0.010106365849077701,
    0.010164669367484749,
    0.011657973877713085,
    0.010882754595763981,
    0.01063773997183889,
    0.012854125369712711,
    0.012536069444939494,
    0.011878727717325092,
    0.013604205260425805,
    0.012005219180509449
  ],
  "actor_losses": [
    0.0,
    0.0,
    0.0,
    0.0,
    0.0,
    0.0,
    0.0,
    0.0,
    0.0,
    0.0,
    0.0,
    0.0,
    0.0,
    0.0,
    0.0,
    0.0,
    0.0,
    0.0,
    0.0,
    0.0,
    -0.2374356896057725,
    -0.34058610097318887,
    -0.4255550232306123,
    -0.49287753538489343,
    -0.5523721032597124,
    -0.6040937214672566,
    -0.6601950940553099,
    -0.7183349370006472,
    -0.7798422530926764,
    -0.8431766651332379,
    -0.9017305748403073,
    -0.9620686217360198,
    -1.0205408983409405,
    -1.0775995332241057,
    -1.1383457313895224,
    -1.1944711668729782,
    -1.2564702650547028,
    -1.321885737299919,
    -1.3793728123426436,
    -1.441671962404251,
    -1.4976927670240403,
    -1.5556728148460388,
    -1.6100311815738677,
    -1.6719549618721008,
    -1.724750460767746,
    -1.7860729523658752,
    -1.8345212356090546,
    -1.8895965636730194,
    -1.942749283027649,
    -1.9977428108215332
  ],
  "best_reward": -Infinity,
  "total_time": 214.15072011947632,
  "config": {
    "n_obs_neighbors": 2,
    "n_reward_neighbors": 1,
    "grid_x": 5,
    "grid_y": 5,
    "ddl": 2,
    "max_episodes": 50
  }
}