{
  "episode_rewards": [
    230.0,
    239.0,
    275.0,
    245.0,
    246.0,
    248.0,
    254.0,
    251.0,
    251.0,
    240.0,
    239.0,
    244.0,
    255.0,
    246.0,
    238.0,
    261.0,
    242.0,
    244.0,
    239.0,
    243.0,
    237.0,
    249.0,
    249.0,
    242.0,
    233.0,
    250.0,
    252.0,
    242.0,
    213.0,
    245.0,
    243.0,
    240.0,
    275.0,
    245.0,
    248.0,
    234.0,
    224.0,
    250.0,
    235.0,
    245.0,
    254.0,
    262.0,
    266.0,
    236.0,
    252.0,
    238.0,
    258.0,
    247.0,
    267.0,
    234.0
  ],
  "episode_lengths": [
    50,
    50,
    50,
    50,
    50,
    50,
    50,
    50,
    50,
    50,
    50,
    50,
    50,
    50,
    50,
    50,
    50,
    50,
    50,
    50,
    50,
    50,
    50,
    50,
    50,
    50,
    50,
    50,
    50,
    50,
    50,
    50,
    50,
    50,
    50,
    50,
    50,
    50,
    50,
    50,
    50,
    50,
    50,
    50,
    50,
    50,
    50,
    50,
    50,
    50
  ],
  "critic_losses": [
    0.0,
    0.0,
    0.0,
    0.0,
    0.0,
    0.0,
    0.0,
    0.0,
    0.0,
    0.0,
    0.0,
    0.0,
    0.0,
    0.0,
    0.0,
    0.0,
    0.0,
    0.0,
    0.0,
    0.0,
    0.15608440959751607,
    0.11780719151943922,
    0.1027305689394474,
    0.08966418091058731,
    0.08019823706150055,
    0.07483851672112941,
    0.07043234288990498,
    0.06904225898385048,
    0.0707190473139286,
    0.07129084137678146,
    0.07406196910142898,
    0.07853975890874863,
    0.08253921066969633,
    0.08649631710648537,
    0.09295988523662091,
    0.09790558338165284,
    0.10130935752689839,
    0.10676065636873246,
    0.11174672712683678,
    0.11272728098630905,
    0.12004885735213756,
    0.12198242610096932,
    0.1265980625152588,
    0.12958623433709143,
    0.13790110316574575,
    0.13812073229551317,
    0.14204298745393754,
    0.14719761441648008,
    0.14394513939917086,
    0.15908248878717424
  ],
  "actor_losses": [
    0.0,
    0.0,
    0.0,
    0.0,
    0.0,
    0.0,
    0.0,
    0.0,
    0.0,
    0.0,
    0.0,
    0.0,
    0.0,
    0.0,
    0.0,
    0.0,
    0.0,
    0.0,
    0.0,
    0.0,
    -0.2958410835728049,
    -0.4796831666305661,
    -0.6340009361505509,
    -0.7569968438267708,
    -0.8584325121123344,
    -0.9464239869911224,
    -1.0363979245625436,
    -1.1188734481483698,
    -1.203886346725747,
    -1.2878808015212417,
    -1.375288775606081,
    -1.4569546720668674,
    -1.545659803071618,
    -1.6394849079191685,
    -1.7348536360263824,
    -1.8291941999197006,
    -1.922632091975212,
    -2.013410253858566,
    -2.108272386932373,
    -2.204433472776413,
    -2.2957136372566223,
    -2.3888331112861634,
    -2.4858046249866486,
    -2.578612718772888,
    -2.671911990070343,
    -2.768005408000946,
    -2.8596501540184023,
    -2.9557295164108277,
    -3.0471363538742064,
    -3.131174868965149
  ],
  "best_reward": -Infinity,
  "total_time": 293.0362882614136,
  "config": {
    "n_obs_neighbors": 1,
    "n_reward_neighbors": 1,
    "grid_x": 5,
    "grid_y": 5,
    "ddl": 2,
    "max_episodes": 50,
    "seed": 4000
  }
}