{
  "episode_rewards": [
    254.0,
    218.0,
    262.0,
    237.0,
    269.0,
    240.0,
    250.0,
    254.0,
    246.0,
    254.0,
    260.0,
    225.0,
    254.0,
    226.0,
    260.0,
    259.0,
    259.0,
    246.0,
    239.0,
    255.0,
    257.0,
    260.0,
    262.0,
    252.0,
    255.0,
    237.0,
    249.0,
    255.0,
    259.0,
    230.0,
    249.0,
    242.0,
    245.0,
    251.0,
    258.0,
    257.0,
    234.0,
    280.0,
    249.0,
    232.0,
    244.0,
    268.0,
    256.0,
    266.0,
    228.0,
    227.0,
    275.0,
    263.0,
    262.0,
    240.0
  ],
  "episode_lengths": [
    50,
    50,
    50,
    50,
    50,
    50,
    50,
    50,
    50,
    50,
    50,
    50,
    50,
    50,
    50,
    50,
    50,
    50,
    50,
    50,
    50,
    50,
    50,
    50,
    50,
    50,
    50,
    50,
    50,
    50,
    50,
    50,
    50,
    50,
    50,
    50,
    50,
    50,
    50,
    50,
    50,
    50,
    50,
    50,
    50,
    50,
    50,
    50,
    50,
    50
  ],
  "critic_losses": [
    0.0,
    0.0,
    0.0,
    0.0,
    0.0,
    0.0,
    0.0,
    0.0,
    0.0,
    0.0,
    0.0,
    0.0,
    0.0,
    0.0,
    0.0,
    0.0,
    0.0,
    0.0,
    0.0,
    0.0,
    0.1649984900996089,
    0.11713395288586617,
    0.100471344140172,
    0.08773140940666199,
    0.07809099113345146,
    0.07150242732465267,
    0.06643024046495556,
    0.06473877644836902,
    0.06492781887799501,
    0.06389354665130377,
    0.06660088104903698,
    0.06797080836966633,
    0.07017718888670206,
    0.07249873434528709,
    0.07669961453229189,
    0.080291159529984,
    0.083651412691921,
    0.08637307178899646,
    0.09288036198988557,
    0.0967415127620101,
    0.0992729436904192,
    0.10680418781116605,
    0.10983820216059685,
    0.11784881111159921,
    0.11703997445404529,
    0.12043893658816815,
    0.13291579545736312,
    0.13797024408876896,
    0.136815409553051,
    0.14993479569852353
  ],
  "actor_losses": [
    0.0,
    0.0,
    0.0,
    0.0,
    0.0,
    0.0,
    0.0,
    0.0,
    0.0,
    0.0,
    0.0,
    0.0,
    0.0,
    0.0,
    0.0,
    0.0,
    0.0,
    0.0,
    0.0,
    0.0,
    -0.49771294618491085,
    -0.7157938511994667,
    -0.8553176802122966,
    -0.9796841405034066,
    -1.0867344509363175,
    -1.1971834446907044,
    -1.3039172847747802,
    -1.4113653366088867,
    -1.5145597119808196,
    -1.6203250942707061,
    -1.7224936258792878,
    -1.831790587091446,
    -1.9324794733047486,
    -2.03972455701828,
    -2.1404281036376953,
    -2.2446723139762876,
    -2.3501881024360656,
    -2.45484536485672,
    -2.554121620941162,
    -2.656768837928772,
    -2.756315766334534,
    -2.8551407769203188,
    -2.9531713054656983,
    -3.0483725317001342,
    -3.150062541770935,
    -3.241236221694946,
    -3.333648866844177,
    -3.4230696432113645,
    -3.5183073944091796,
    -3.604873843765259
  ],
  "best_reward": -Infinity,
  "total_time": 459.30240178108215,
  "config": {
    "n_obs_neighbors": 1,
    "n_reward_neighbors": 1,
    "grid_x": 5,
    "grid_y": 5,
    "ddl": 2,
    "max_episodes": 50,
    "seed": 123
  }
}