{
  "n_seeds": 10,
  "valid_seeds": [
    42,
    123,
    456,
    789,
    1000,
    2000,
    3000,
    4000,
    5000,
    6000
  ],
  "n_episodes": 50,
  "final_mean_reward": 246.3,
  "final_std_reward": 10.363879582472965,
  "max_mean_reward": 258.3,
  "mean_rewards": [
    250.4,
    240.2,
    250.1,
    254.8,
    244.7,
    245.9,
    249.8,
    243.4,
    250.6,
    252.1,
    244.5,
    244.8,
    255.6,
    242.8,
    251.9,
    254.3,
    246.8,
    244.5,
    243.3,
    244.9,
    246.6,
    248.4,
    252.5,
    245.3,
    250.5,
    243.8,
    242.0,
    258.3,
    250.1,
    249.8,
    248.1,
    253.5,
    247.3,
    253.5,
    247.5,
    251.0,
    245.6,
    256.0,
    249.4,
    244.7,
    253.4,
    253.3,
    244.4,
    246.9,
    253.2,
    243.9,
    246.4,
    253.6,
    238.9,
    246.3
  ],
  "std_rewards": [
    13.536617007214172,
    10.84250893474384,
    15.042938542718309,
    16.827358675680504,
    14.000357138301867,
    12.372954376380768,
    9.042123644365853,
    10.992724866929036,
    10.901376059929316,
    11.76817742898194,
    9.447221813845593,
    13.826062346163496,
    13.937001112147477,
    9.744742172063866,
    10.192644406629714,
    12.256018929489295,
    12.568213874691981,
    6.453681120105021,
    9.165696918401787,
    12.879829191413991,
    12.076423311560422,
    13.54400236266961,
    13.944532978913276,
    10.630616162763099,
    6.119640512317697,
    10.637668917577761,
    7.443117626371358,
    9.970456358662828,
    14.494481708567575,
    12.512393855693642,
    7.077428911688198,
    8.92468486838611,
    12.149485585818026,
    11.342398335449166,
    11.430223094935636,
    12.271919165313957,
    8.720091742636656,
    18.558017135459274,
    14.200000000000001,
    11.162884931772792,
    9.572878355019455,
    11.30530848760882,
    9.340235543068495,
    12.308127396155761,
    11.591376104673682,
    13.103053079339944,
    13.68356678647786,
    12.2245654319489,
    10.338762014864256,
    10.363879582472965
  ]
}