{
  "episode_rewards": [
    257.0,
    238.0,
    229.0,
    224.0,
    251.0,
    246.0,
    263.0,
    239.0,
    250.0,
    256.0,
    221.0,
    254.0,
    257.0,
    257.0,
    239.0,
    246.0,
    244.0,
    243.0,
    234.0,
    251.0,
    256.0,
    268.0,
    262.0,
    253.0,
    237.0,
    259.0,
    260.0,
    231.0,
    223.0,
    242.0,
    232.0,
    275.0,
    245.0,
    251.0,
    240.0,
    270.0,
    243.0,
    265.0,
    232.0,
    246.0,
    252.0,
    250.0,
    251.0,
    265.0,
    264.0,
    213.0,
    236.0,
    241.0,
    227.0,
    229.0
  ],
  "episode_lengths": [
    50,
    50,
    50,
    50,
    50,
    50,
    50,
    50,
    50,
    50,
    50,
    50,
    50,
    50,
    50,
    50,
    50,
    50,
    50,
    50,
    50,
    50,
    50,
    50,
    50,
    50,
    50,
    50,
    50,
    50,
    50,
    50,
    50,
    50,
    50,
    50,
    50,
    50,
    50,
    50,
    50,
    50,
    50,
    50,
    50,
    50,
    50,
    50,
    50,
    50
  ],
  "critic_losses": [
    0.0,
    0.0,
    0.0,
    0.0,
    0.0,
    0.0,
    0.0,
    0.0,
    0.0,
    0.0,
    0.0,
    0.0,
    0.0,
    0.0,
    0.0,
    0.0,
    0.0,
    0.0,
    0.0,
    0.0,
    10.557409687042236,
    4.477485556602478,
    4.943582339286804,
    4.86639527797699,
    5.203220224380493,
    5.535733728408814,
    6.202734189033508,
    6.862253732681275,
    7.629361000061035,
    7.756492443084717,
    8.89683500289917,
    9.759085483551026,
    11.263169488906861,
    10.969334707260131,
    12.529411602020264,
    13.440366277694702,
    13.776889925003053,
    14.993528203964233,
    15.654963283538818,
    16.75946252822876,
    18.502559204101562,
    18.589262137413026,
    19.77165843963623,
    21.851814937591552,
    22.030673656463623,
    24.16493511199951,
    22.215431241989137,
    24.281402263641358,
    25.94146017074585,
    29.90151340484619
  ],
  "actor_losses": [
    0.0,
    0.0,
    0.0,
    0.0,
    0.0,
    0.0,
    0.0,
    0.0,
    0.0,
    0.0,
    0.0,
    0.0,
    0.0,
    0.0,
    0.0,
    0.0,
    0.0,
    0.0,
    0.0,
    0.0,
    -0.28827099093049763,
    -0.36915869115665556,
    -0.445947594332695,
    -0.5133291105352342,
    -0.5765398367553949,
    -0.6425940095245838,
    -0.7069753948040307,
    -0.7581757087133825,
    -0.8106555895075201,
    -0.8634165695786477,
    -0.9121660440593958,
    -0.9553585487380624,
    -0.9984397534005344,
    -1.0447194116089493,
    -1.083866360983625,
    -1.1297069700464606,
    -1.1669551219403744,
    -1.2077725295484065,
    -1.2408247253477573,
    -1.2789728270411491,
    -1.3161291094362735,
    -1.35162553756088,
    -1.3773493013992906,
    -1.4102993822328747,
    -1.4422829352460802,
    -1.4659551302462817,
    -1.508065548785776,
    -1.5354116008225829,
    -1.5634458628594876,
    -1.581654494838044
  ],
  "best_reward": -Infinity,
  "total_time": 235.76592421531677,
  "config": {
    "n_obs_neighbors": 1,
    "n_reward_neighbors": 1,
    "grid_x": 5,
    "grid_y": 5,
    "ddl": 2,
    "max_episodes": 50,
    "seed": 789
  }
}