{
  "episode_rewards": [
    258.0,
    228.0,
    258.0,
    245.0,
    224.0,
    262.0,
    234.0,
    255.0,
    237.0,
    249.0,
    245.0,
    258.0,
    236.0,
    265.0,
    244.0,
    255.0,
    238.0,
    249.0,
    254.0,
    265.0,
    241.0,
    270.0,
    241.0,
    254.0,
    240.0,
    244.0,
    232.0,
    220.0,
    253.0,
    270.0,
    278.0,
    246.0,
    277.0,
    238.0,
    258.0,
    256.0,
    224.0,
    253.0,
    232.0,
    243.0,
    242.0,
    239.0,
    256.0,
    257.0,
    244.0,
    229.0,
    225.0,
    240.0,
    240.0,
    255.0
  ],
  "episode_lengths": [
    50,
    50,
    50,
    50,
    50,
    50,
    50,
    50,
    50,
    50,
    50,
    50,
    50,
    50,
    50,
    50,
    50,
    50,
    50,
    50,
    50,
    50,
    50,
    50,
    50,
    50,
    50,
    50,
    50,
    50,
    50,
    50,
    50,
    50,
    50,
    50,
    50,
    50,
    50,
    50,
    50,
    50,
    50,
    50,
    50,
    50,
    50,
    50,
    50,
    50
  ],
  "critic_losses": [
    0.0,
    0.0,
    0.0,
    0.0,
    0.0,
    0.0,
    0.0,
    0.0,
    0.0,
    0.0,
    0.0,
    0.0,
    0.0,
    0.0,
    0.0,
    0.0,
    0.0,
    0.0,
    0.0,
    0.0,
    0.1642833159595728,
    0.12311559574306011,
    0.10628676748275757,
    0.09355419837534427,
    0.08593430632352829,
    0.08015388079881668,
    0.07691901659369468,
    0.07557743224799633,
    0.07446670512259007,
    0.07675968643128872,
    0.07917352536022663,
    0.08531369532942772,
    0.08791345811188221,
    0.09583279457986354,
    0.10029278528392314,
    0.10577393268346787,
    0.10517177403569221,
    0.11404392274022103,
    0.11948589488863945,
    0.1246336351275444,
    0.1305546567708254,
    0.1348122027158737,
    0.14149182732105256,
    0.14466444571316242,
    0.1512129180073738,
    0.1562558134049177,
    0.161579037630558,
    0.1646267786592245,
    0.16965853619873525,
    0.1703578990340233
  ],
  "actor_losses": [
    0.0,
    0.0,
    0.0,
    0.0,
    0.0,
    0.0,
    0.0,
    0.0,
    0.0,
    0.0,
    0.0,
    0.0,
    0.0,
    0.0,
    0.0,
    0.0,
    0.0,
    0.0,
    0.0,
    0.0,
    -0.4583748248398304,
    -0.6274610955826938,
    -0.7836041429605335,
    -0.9080323127448559,
    -1.0080596480559558,
    -1.1014649460412562,
    -1.1859439876317979,
    -1.2763656914982944,
    -1.364244863536954,
    -1.4521007977962495,
    -1.5499650929927826,
    -1.6425831902265549,
    -1.7370200246334075,
    -1.8298539693593978,
    -1.9228807521343232,
    -2.01470219373703,
    -2.1033655191898344,
    -2.1946329820632933,
    -2.2847174058914184,
    -2.3721867220878603,
    -2.461045617675781,
    -2.5583880091667175,
    -2.6444798241615297,
    -2.7307506680488585,
    -2.818605949783325,
    -2.909275830745697,
    -2.9923497338294984,
    -3.079838422203064,
    -3.166784657096863,
    -3.2468464502334595
  ],
  "best_reward": -Infinity,
  "total_time": 301.0277576446533,
  "config": {
    "n_obs_neighbors": 1,
    "n_reward_neighbors": 1,
    "grid_x": 5,
    "grid_y": 5,
    "ddl": 2,
    "max_episodes": 50,
    "seed": 3000
  }
}