{
  "episode_rewards": [
    269.0,
    250.0,
    238.0,
    225.0,
    257.0,
    234.0,
    232.0,
    254.0,
    239.0,
    255.0,
    258.0,
    237.0,
    233.0,
    236.0,
    245.0,
    245.0,
    257.0,
    247.0,
    229.0,
    241.0,
    244.0,
    243.0,
    254.0,
    261.0,
    223.0,
    256.0,
    235.0,
    219.0,
    261.0,
    243.0,
    253.0,
    249.0,
    262.0,
    223.0,
    247.0,
    248.0,
    254.0,
    247.0,
    263.0,
    246.0,
    255.0,
    256.0,
    246.0,
    246.0,
    267.0,
    239.0,
    225.0,
    259.0,
    251.0,
    255.0
  ],
  "episode_lengths": [
    50,
    50,
    50,
    50,
    50,
    50,
    50,
    50,
    50,
    50,
    50,
    50,
    50,
    50,
    50,
    50,
    50,
    50,
    50,
    50,
    50,
    50,
    50,
    50,
    50,
    50,
    50,
    50,
    50,
    50,
    50,
    50,
    50,
    50,
    50,
    50,
    50,
    50,
    50,
    50,
    50,
    50,
    50,
    50,
    50,
    50,
    50,
    50,
    50,
    50
  ],
  "critic_losses": [
    0.0,
    0.0,
    0.0,
    0.0,
    0.0,
    0.0,
    0.0,
    0.0,
    0.0,
    0.0,
    0.0,
    0.0,
    0.0,
    0.0,
    0.0,
    0.0,
    0.0,
    0.0,
    0.0,
    0.0,
    7.751669273376465,
    3.8498947620391846,
    3.7540963554382323,
    4.1060146236419675,
    4.277115483283996,
    4.73023416519165,
    5.217640018463134,
    5.609113225936889,
    6.361558847427368,
    7.071699810028076,
    7.368039770126343,
    7.998385438919067,
    9.057309513092042,
    9.977122392654419,
    10.934604463577271,
    11.15275212287903,
    11.721640367507934,
    12.220525331497193,
    13.768727807998657,
    15.049986553192138,
    15.630872173309326,
    17.63409059524536,
    15.19591576576233,
    18.32423815727234,
    21.198176403045654,
    20.48452844619751,
    22.881037635803224,
    21.976796054840086,
    21.608215503692627,
    22.971435203552247
  ],
  "actor_losses": [
    0.0,
    0.0,
    0.0,
    0.0,
    0.0,
    0.0,
    0.0,
    0.0,
    0.0,
    0.0,
    0.0,
    0.0,
    0.0,
    0.0,
    0.0,
    0.0,
    0.0,
    0.0,
    0.0,
    0.0,
    -0.16062790541499852,
    -0.23354848527386785,
    -0.3113301660470664,
    -0.3796481562294066,
    -0.44364510897286236,
    -0.5095147304203361,
    -0.5756531075440348,
    -0.6295952712774276,
    -0.6874370535492897,
    -0.7417655749469996,
    -0.7949868663411588,
    -0.8399088160596788,
    -0.8843260664723813,
    -0.9310645958960057,
    -0.9721787006199359,
    -1.0198641708612441,
    -1.0645171616584062,
    -1.1004238288789987,
    -1.1400999251212924,
    -1.1774702907841652,
    -1.2117312386319041,
    -1.2482437347471713,
    -1.2842946319580077,
    -1.3189061476767063,
    -1.3491967846393584,
    -1.3792389737427235,
    -1.415829548406601,
    -1.4468233173847198,
    -1.4763184551358224,
    -1.5095499905347824
  ],
  "best_reward": -Infinity,
  "total_time": 203.54037261009216,
  "config": {
    "n_obs_neighbors": 1,
    "n_reward_neighbors": 1,
    "grid_x": 5,
    "grid_y": 5,
    "ddl": 2,
    "max_episodes": 50,
    "seed": 42
  }
}