{
  "episode_rewards": [
    239.0,
    230.0,
    231.0,
    241.0,
    247.0,
    242.0,
    230.0,
    224.0,
    248.0,
    257.0,
    248.0,
    258.0,
    255.0,
    243.0,
    219.0,
    235.0,
    247.0,
    239.0,
    258.0,
    262.0,
    273.0,
    261.0,
    255.0,
    262.0,
    241.0,
    254.0,
    249.0,
    239.0,
    253.0,
    254.0,
    245.0,
    234.0,
    225.0,
    248.0,
    242.0,
    250.0,
    249.0,
    243.0,
    246.0,
    263.0,
    239.0,
    242.0,
    263.0,
    241.0,
    226.0,
    252.0,
    244.0,
    246.0,
    237.0,
    256.0
  ],
  "episode_lengths": [
    50,
    50,
    50,
    50,
    50,
    50,
    50,
    50,
    50,
    50,
    50,
    50,
    50,
    50,
    50,
    50,
    50,
    50,
    50,
    50,
    50,
    50,
    50,
    50,
    50,
    50,
    50,
    50,
    50,
    50,
    50,
    50,
    50,
    50,
    50,
    50,
    50,
    50,
    50,
    50,
    50,
    50,
    50,
    50,
    50,
    50,
    50,
    50,
    50,
    50
  ],
  "critic_losses": [
    0.0,
    0.0,
    0.0,
    0.0,
    0.0,
    0.0,
    0.0,
    0.0,
    0.0,
    0.0,
    0.0,
    0.0,
    0.0,
    0.0,
    0.0,
    0.0,
    0.0,
    0.0,
    0.0,
    0.0,
    0.15771102408468723,
    0.11855660771131515,
    0.10234471710324287,
    0.08921737428307533,
    0.08008434643149376,
    0.07314720765948296,
    0.06997140980362893,
    0.0673962108463049,
    0.06722178672850132,
    0.0673286396086216,
    0.0695720668643713,
    0.07121925908923149,
    0.07476992884278297,
    0.07704906933009624,
    0.08016817837059498,
    0.08460275322794915,
    0.08907072708904744,
    0.09426473919451236,
    0.09894392133653164,
    0.10294763261675835,
    0.1066238664984703,
    0.11099822187721729,
    0.1148864679813385,
    0.1237189413189888,
    0.12928762612342834,
    0.12913967483341693,
    0.138166442579031,
    0.14617676749527456,
    0.14808828460872173,
    0.15437207938432693
  ],
  "actor_losses": [
    0.0,
    0.0,
    0.0,
    0.0,
    0.0,
    0.0,
    0.0,
    0.0,
    0.0,
    0.0,
    0.0,
    0.0,
    0.0,
    0.0,
    0.0,
    0.0,
    0.0,
    0.0,
    0.0,
    0.0,
    -0.19802176879569888,
    -0.34532792001739143,
    -0.5001779942605644,
    -0.6314217567481101,
    -0.7478231395155192,
    -0.8605898138917982,
    -0.9654885859366507,
    -1.0753137639671564,
    -1.1892226938843726,
    -1.3007673449009658,
    -1.4143485768685118,
    -1.5292013199813663,
    -1.6439236916989088,
    -1.7626029864430428,
    -1.8851190643310547,
    -2.000440319442749,
    -2.120252964043617,
    -2.2401784667015074,
    -2.3542057666778566,
    -2.4739155036449434,
    -2.5896043004512785,
    -2.7122884665489195,
    -2.8293715072631835,
    -2.940817328643799,
    -3.053531645965576,
    -3.1680383080482484,
    -3.2746106490135194,
    -3.3847191911697387,
    -3.492345671749115,
    -3.591661754798889
  ],
  "best_reward": -Infinity,
  "total_time": 227.92386388778687,
  "config": {
    "n_obs_neighbors": 1,
    "n_reward_neighbors": 1,
    "grid_x": 5,
    "grid_y": 5,
    "ddl": 2,
    "max_episodes": 50,
    "seed": 456
  }
}