{
  "episode_rewards": [
    253.0,
    232.0,
    251.0,
    271.0,
    252.0,
    240.0,
    249.0,
    246.0,
    251.0,
    234.0,
    233.0,
    241.0,
    242.0,
    235.0,
    273.0,
    262.0,
    265.0,
    255.0,
    251.0,
    261.0,
    253.0,
    230.0,
    258.0,
    267.0,
    254.0,
    235.0,
    232.0,
    260.0,
    239.0,
    251.0,
    255.0,
    243.0,
    239.0,
    253.0,
    238.0,
    226.0,
    258.0,
    278.0,
    250.0,
    251.0,
    256.0,
    271.0,
    253.0,
    242.0,
    258.0,
    260.0,
    253.0,
    267.0,
    245.0,
    244.0
  ],
  "episode_lengths": [
    50,
    50,
    50,
    50,
    50,
    50,
    50,
    50,
    50,
    50,
    50,
    50,
    50,
    50,
    50,
    50,
    50,
    50,
    50,
    50,
    50,
    50,
    50,
    50,
    50,
    50,
    50,
    50,
    50,
    50,
    50,
    50,
    50,
    50,
    50,
    50,
    50,
    50,
    50,
    50,
    50,
    50,
    50,
    50,
    50,
    50,
    50,
    50,
    50,
    50
  ],
  "critic_losses": [
    0.0,
    0.0,
    0.0,
    0.0,
    0.0,
    0.0,
    0.0,
    0.0,
    0.0,
    0.0,
    0.0,
    0.0,
    0.0,
    0.0,
    0.0,
    0.0,
    0.0,
    0.0,
    0.0,
    0.0,
    0.16690407726913692,
    0.11668730859309435,
    0.09942798349559306,
    0.08541021401435137,
    0.07571476084440946,
    0.07157717080935835,
    0.06575842878371477,
    0.06346116963922978,
    0.061700028070807454,
    0.06266041703000665,
    0.06324548779726029,
    0.0665757778070867,
    0.06901817562654615,
    0.07089571126177907,
    0.0762808861836791,
    0.07545564853399991,
    0.0814092956058681,
    0.08581587108001112,
    0.08686686219722033,
    0.09413871834501625,
    0.09746590620726348,
    0.09685735574662685,
    0.10760335639119148,
    0.11021840751692653,
    0.11243748472854495,
    0.12399261269569396,
    0.12365110328942537,
    0.1277555992782116,
    0.1323965898066759,
    0.14391311635524034
  ],
  "actor_losses": [
    0.0,
    0.0,
    0.0,
    0.0,
    0.0,
    0.0,
    0.0,
    0.0,
    0.0,
    0.0,
    0.0,
    0.0,
    0.0,
    0.0,
    0.0,
    0.0,
    0.0,
    0.0,
    0.0,
    0.0,
    -0.4616295940915123,
    -0.6784864906375762,
    -0.8240156007260084,
    -0.9439737652686424,
    -1.0563000309318304,
    -1.1586662900090217,
    -1.2687237918615342,
    -1.3720562644958496,
    -1.4797725388526917,
    -1.581379817056656,
    -1.6848550278186798,
    -1.7832285842418671,
    -1.890080740737915,
    -1.9901842274188994,
    -2.089441262817383,
    -2.198142730331421,
    -2.296876582431793,
    -2.3989584857940676,
    -2.499794148159027,
    -2.6033697845458983,
    -2.6993745058059693,
    -2.8025833985328674,
    -2.8930544718742373,
    -2.9928905267715455,
    -3.08785608253479,
    -3.1742329454421996,
    -3.2732073694229125,
    -3.3654437292099,
    -3.4533699283599852,
    -3.5414416830062865
  ],
  "best_reward": -Infinity,
  "total_time": 442.65237283706665,
  "config": {
    "n_obs_neighbors": 1,
    "n_reward_neighbors": 1,
    "grid_x": 5,
    "grid_y": 5,
    "ddl": 2,
    "max_episodes": 50,
    "seed": 2000
  }
}