{
  "episode_rewards": [
    256.0,
    255.0,
    274.0,
    260.0,
    252.0,
    250.0,
    266.0,
    257.0,
    260.0,
    276.0,
    243.0,
    247.0,
    242.0,
    240.0,
    264.0,
    243.0,
    248.0,
    261.0,
    269.0,
    261.0,
    271.0,
    240.0,
    267.0,
    264.0,
    255.0,
    244.0,
    250.0,
    245.0,
    257.0,
    260.0,
    241.0,
    270.0,
    244.0,
    235.0,
    249.0,
    250.0,
    233.0,
    238.0,
    235.0,
    231.0,
    258.0,
    267.0,
    246.0,
    250.0,
    231.0,
    262.0,
    269.0,
    250.0,
    236.0,
    240.0
  ],
  "episode_lengths": [
    50,
    50,
    50,
    50,
    50,
    50,
    50,
    50,
    50,
    50,
    50,
    50,
    50,
    50,
    50,
    50,
    50,
    50,
    50,
    50,
    50,
    50,
    50,
    50,
    50,
    50,
    50,
    50,
    50,
    50,
    50,
    50,
    50,
    50,
    50,
    50,
    50,
    50,
    50,
    50,
    50,
    50,
    50,
    50,
    50,
    50,
    50,
    50,
    50,
    50
  ],
  "critic_losses": [
    0.0,
    0.0,
    0.0,
    0.0,
    0.0,
    0.0,
    0.0,
    0.0,
    0.0,
    0.0,
    0.0,
    0.0,
    0.0,
    0.0,
    0.0,
    0.0,
    0.0,
    0.0,
    0.0,
    0.0,
    0.062360323859751224,
    0.035506411644816396,
    0.027476448940485714,
    0.020371497350186108,
    0.015845522454753517,
    0.011880739164911211,
    0.009610397815704346,
    0.008869349220581352,
    0.008922268472239375,
    0.008387466952949762,
    0.008474613324180246,
    0.00963814600892365,
    0.00934939562343061,
    0.00931964790634811,
    0.009982882671803237,
    0.0099545882364735,
    0.01059951930642128,
    0.009815746813639998,
    0.01144981756620109,
    0.012047462408803403,
    0.011432720197550952,
    0.012539468220807612,
    0.011638832107931376,
    0.012217489248141646,
    0.012324773866310715,
    0.012986406353861094,
    0.013501619315892457,
    0.014474381718412041,
    0.013786627279222011,
    0.015881703596562147
  ],
  "actor_losses": [
    0.0,
    0.0,
    0.0,
    0.0,
    0.0,
    0.0,
    0.0,
    0.0,
    0.0,
    0.0,
    0.0,
    0.0,
    0.0,
    0.0,
    0.0,
    0.0,
    0.0,
    0.0,
    0.0,
    0.0,
    -0.5172598162360489,
    -0.6192475062124431,
    -0.6965952105537057,
    -0.7582421078622341,
    -0.8253581440925598,
    -0.8927940949097276,
    -0.9498748389169573,
    -1.0036776621229946,
    -1.061306294119358,
    -1.1184738830804826,
    -1.1751497722387314,
    -1.2352694929003716,
    -1.2937578397750855,
    -1.3527824115276337,
    -1.410121827942133,
    -1.4680178267538548,
    -1.5242719181071966,
    -1.581812711840868,
    -1.6357646824959666,
    -1.6914435904182494,
    -1.7478389309406281,
    -1.8036632233798504,
    -1.8594780412197114,
    -1.9127945131063462,
    -1.9710815540075302,
    -2.0279053039073944,
    -2.079323927903175,
    -2.1381276062726973,
    -2.1937829987049104,
    -2.2431459931373596
  ],
  "best_reward": -Infinity,
  "total_time": 425.8939583301544,
  "config": {
    "n_obs_neighbors": 1,
    "n_reward_neighbors": 1,
    "grid_x": 5,
    "grid_y": 5,
    "ddl": 2,
    "max_episodes": 50,
    "seed": 123
  }
}