{
  "n_seeds": 10,
  "valid_seeds": [
    42,
    123,
    456,
    789,
    1000,
    2000,
    3000,
    4000,
    5000,
    6000
  ],
  "n_episodes": 50,
  "final_mean_reward": 250.3,
  "final_std_reward": 11.908400396358866,
  "max_mean_reward": 257.2,
  "mean_rewards": [
    247.2,
    242.7,
    256.5,
    250.7,
    242.7,
    247.1,
    246.4,
    252.5,
    248.0,
    253.8,
    238.8,
    243.4,
    254.9,
    245.1,
    249.2,
    247.9,
    249.6,
    247.7,
    243.7,
    252.3,
    244.3,
    250.9,
    243.3,
    248.6,
    251.2,
    250.7,
    245.8,
    244.1,
    243.6,
    248.9,
    246.2,
    255.5,
    251.9,
    245.6,
    247.1,
    245.4,
    252.9,
    243.0,
    246.1,
    246.0,
    252.6,
    250.9,
    251.1,
    257.2,
    246.7,
    252.4,
    247.9,
    256.5,
    249.0,
    250.3
  ],
  "std_rewards": [
    10.524257693538296,
    12.506398362438325,
    8.709190547921201,
    13.90719238379911,
    11.189727431890377,
    11.920151005754919,
    12.963024338479043,
    15.976545308670458,
    17.11139970896595,
    10.6,
    6.161168720299744,
    9.499473669630333,
    10.15332457867865,
    11.545128842936315,
    17.156922801015337,
    9.689685237405806,
    15.14727698300919,
    11.20758671614902,
    11.287603820120548,
    12.141251994749142,
    19.915069670980316,
    14.439182802361081,
    14.567429423202983,
    14.25622670975739,
    9.086253353280437,
    12.426182036329584,
    10.897706180660222,
    17.230496220364635,
    15.441502517566093,
    16.139702599490487,
    13.03687079018581,
    10.15135458941318,
    12.078493283518437,
    11.11035552986492,
    10.587256490706173,
    13.785499628232557,
    13.45696845504217,
    17.458522274236156,
    14.341896666759247,
    13.130118049735882,
    10.141005867269776,
    14.257980221616245,
    10.501904589168577,
    12.983065893693986,
    17.635475610257863,
    12.499599993599796,
    14.229898102235307,
    9.222255689363639,
    13.274034804836093,
    11.908400396358866
  ]
}