{
  "episode_rewards": [
    252.0,
    242.0,
    258.0,
    265.0,
    254.0,
    247.0,
    243.0,
    252.0,
    258.0,
    240.0,
    248.0,
    227.0,
    249.0,
    243.0,
    244.0,
    236.0,
    272.0,
    272.0,
    233.0,
    249.0,
    253.0,
    241.0,
    232.0,
    238.0,
    238.0,
    225.0,
    244.0,
    230.0,
    258.0,
    233.0,
    244.0,
    258.0,
    259.0,
    250.0,
    246.0,
    235.0,
    259.0,
    276.0,
    272.0,
    237.0,
    258.0,
    261.0,
    245.0,
    254.0,
    240.0,
    273.0,
    255.0,
    247.0,
    256.0,
    246.0
  ],
  "episode_lengths": [
    50,
    50,
    50,
    50,
    50,
    50,
    50,
    50,
    50,
    50,
    50,
    50,
    50,
    50,
    50,
    50,
    50,
    50,
    50,
    50,
    50,
    50,
    50,
    50,
    50,
    50,
    50,
    50,
    50,
    50,
    50,
    50,
    50,
    50,
    50,
    50,
    50,
    50,
    50,
    50,
    50,
    50,
    50,
    50,
    50,
    50,
    50,
    50,
    50,
    50
  ],
  "critic_losses": [
    0.0,
    0.0,
    0.0,
    0.0,
    0.0,
    0.0,
    0.0,
    0.0,
    0.0,
    0.0,
    0.0,
    0.0,
    0.0,
    0.0,
    0.0,
    0.0,
    0.0,
    0.0,
    0.0,
    0.0,
    0.06250094319581985,
    0.03253505716025829,
    0.023632908657193183,
    0.01790818105638027,
    0.01382355235517025,
    0.011250525225698948,
    0.008810396075993777,
    0.007803761103004217,
    0.007761712567508221,
    0.0075685866864398125,
    0.0070327939601615075,
    0.007432884581200778,
    0.007776362482830882,
    0.008061008599027992,
    0.008516613652743399,
    0.008449679853580892,
    0.008739170880243181,
    0.009911652858555317,
    0.009965641535632312,
    0.009787731180153787,
    0.010286548921093345,
    0.010880189260654151,
    0.011514301472716034,
    0.012080551912635564,
    0.011431114614754915,
    0.01243145831003785,
    0.012285056561790407,
    0.012312326674163342,
    0.012086217428185046,
    0.014627537847310305
  ],
  "actor_losses": [
    0.0,
    0.0,
    0.0,
    0.0,
    0.0,
    0.0,
    0.0,
    0.0,
    0.0,
    0.0,
    0.0,
    0.0,
    0.0,
    0.0,
    0.0,
    0.0,
    0.0,
    0.0,
    0.0,
    0.0,
    -0.08789016677960754,
    -0.1957120151206851,
    -0.26882186803892255,
    -0.3407144911725074,
    -0.4115785822749138,
    -0.47107714915201065,
    -0.5309797625791282,
    -0.5960271329060197,
    -0.6614210952721536,
    -0.722142187827453,
    -0.7832325456574559,
    -0.8434731043756009,
    -0.905111761533469,
    -0.9642381761841476,
    -1.0244967574730515,
    -1.0907884520828723,
    -1.1491313833475112,
    -1.2108559147834779,
    -1.2748134592533111,
    -1.334155748295784,
    -1.3981356052398681,
    -1.4598390213489532,
    -1.5151380010604858,
    -1.5768759944438935,
    -1.6346845060825348,
    -1.6889708786010742,
    -1.7466855834007262,
    -1.8049147948741913,
    -1.8585764478206634,
    -1.9115828210830688
  ],
  "best_reward": -Infinity,
  "total_time": 358.05806493759155,
  "config": {
    "n_obs_neighbors": 1,
    "n_reward_neighbors": 1,
    "grid_x": 5,
    "grid_y": 5,
    "ddl": 2,
    "max_episodes": 50,
    "seed": 2000
  }
}