{
  "episode_rewards": [
    237.0,
    230.0,
    259.0,
    250.0,
    275.0,
    257.0,
    247.0,
    273.0,
    246.0,
    234.0,
    231.0,
    261.0,
    228.0,
    243.0,
    264.0,
    255.0,
    260.0,
    241.0,
    271.0,
    242.0,
    259.0,
    251.0,
    244.0,
    247.0,
    262.0,
    251.0,
    245.0,
    251.0,
    242.0,
    218.0,
    238.0,
    254.0,
    264.0,
    249.0,
    248.0,
    241.0,
    240.0,
    243.0,
    258.0,
    242.0,
    226.0,
    248.0,
    260.0,
    246.0,
    253.0,
    239.0,
    273.0,
    265.0,
    236.0,
    247.0
  ],
  "episode_lengths": [
    50,
    50,
    50,
    50,
    50,
    50,
    50,
    50,
    50,
    50,
    50,
    50,
    50,
    50,
    50,
    50,
    50,
    50,
    50,
    50,
    50,
    50,
    50,
    50,
    50,
    50,
    50,
    50,
    50,
    50,
    50,
    50,
    50,
    50,
    50,
    50,
    50,
    50,
    50,
    50,
    50,
    50,
    50,
    50,
    50,
    50,
    50,
    50,
    50,
    50
  ],
  "critic_losses": [
    0.0,
    0.0,
    0.0,
    0.0,
    0.0,
    0.0,
    0.0,
    0.0,
    0.0,
    0.0,
    0.0,
    0.0,
    0.0,
    0.0,
    0.0,
    0.0,
    0.0,
    0.0,
    0.0,
    0.0,
    0.16243958270251752,
    0.11978248792290687,
    0.10300211511105299,
    0.0889554210588336,
    0.07973653697520494,
    0.07239972424209118,
    0.06865641189664602,
    0.067475687494874,
    0.06828126589655877,
    0.06922414123117923,
    0.07276186554580927,
    0.07560809971988201,
    0.07978603897988797,
    0.08380512548685073,
    0.08754294946491718,
    0.09251282233893872,
    0.09510334180295467,
    0.09917572441995144,
    0.10576189607977868,
    0.10866099565625191,
    0.11251925649046898,
    0.11993693575561047,
    0.1240443815201521,
    0.1328256824016571,
    0.13102907924950122,
    0.1371087457537651,
    0.1474303929269314,
    0.15277879241406916,
    0.1489389034062624,
    0.16534197073578835
  ],
  "actor_losses": [
    0.0,
    0.0,
    0.0,
    0.0,
    0.0,
    0.0,
    0.0,
    0.0,
    0.0,
    0.0,
    0.0,
    0.0,
    0.0,
    0.0,
    0.0,
    0.0,
    0.0,
    0.0,
    0.0,
    0.0,
    -0.3486252723902464,
    -0.5011714939810336,
    -0.656840308302641,
    -0.7821753347333521,
    -0.8947051358938217,
    -1.002161904889345,
    -1.10980390586555,
    -1.2206214632980525,
    -1.3388380771063269,
    -1.4545807304024696,
    -1.5726422321021556,
    -1.6953553673505783,
    -1.811753846526146,
    -1.934605512404442,
    -2.052315252351761,
    -2.1679726905822756,
    -2.286356848144531,
    -2.4010940373897554,
    -2.5184748266220094,
    -2.6393909759521486,
    -2.7556612971305845,
    -2.8698881525993345,
    -2.9825889227867126,
    -3.0942166016578674,
    -3.2112145016670226,
    -3.3215034110069275,
    -3.4292082611083985,
    -3.536402763938904,
    -3.6467096354484556,
    -3.744413702201843
  ],
  "best_reward": -Infinity,
  "total_time": 227.94755601882935,
  "config": {
    "n_obs_neighbors": 1,
    "n_reward_neighbors": 1,
    "grid_x": 5,
    "grid_y": 5,
    "ddl": 2,
    "max_episodes": 50,
    "seed": 123
  }
}