{
  "episode_rewards": [
    251.0,
    236.0,
    266.0,
    243.0,
    244.0,
    258.0,
    244.0,
    245.0,
    257.0,
    232.0,
    251.0,
    261.0,
    240.0,
    253.0,
    257.0,
    240.0,
    225.0,
    242.0,
    227.0,
    247.0,
    264.0,
    257.0,
    251.0,
    250.0,
    254.0,
    250.0,
    248.0,
    259.0,
    246.0,
    235.0,
    250.0,
    267.0,
    221.0,
    253.0,
    262.0,
    221.0,
    239.0,
    246.0,
    231.0,
    249.0,
    223.0,
    266.0,
    257.0,
    260.0,
    255.0,
    232.0,
    240.0,
    264.0,
    221.0,
    252.0
  ],
  "episode_lengths": [
    50,
    50,
    50,
    50,
    50,
    50,
    50,
    50,
    50,
    50,
    50,
    50,
    50,
    50,
    50,
    50,
    50,
    50,
    50,
    50,
    50,
    50,
    50,
    50,
    50,
    50,
    50,
    50,
    50,
    50,
    50,
    50,
    50,
    50,
    50,
    50,
    50,
    50,
    50,
    50,
    50,
    50,
    50,
    50,
    50,
    50,
    50,
    50,
    50,
    50
  ],
  "critic_losses": [
    0.0,
    0.0,
    0.0,
    0.0,
    0.0,
    0.0,
    0.0,
    0.0,
    0.0,
    0.0,
    0.0,
    0.0,
    0.0,
    0.0,
    0.0,
    0.0,
    0.0,
    0.0,
    0.0,
    0.0,
    0.1649598831564188,
    0.12133954938650131,
    0.10371279684901237,
    0.09017398954927922,
    0.0824386684179306,
    0.07733274767696857,
    0.07277158040702343,
    0.07155870826244354,
    0.073996186876297,
    0.07504362806230784,
    0.07815791689157486,
    0.07896528196036816,
    0.08507422518432141,
    0.08675846409648656,
    0.0954354253590107,
    0.09918185906857252,
    0.10404719636440277,
    0.10691560698598623,
    0.113097555950284,
    0.11998367264568806,
    0.12685627917647363,
    0.130176064068079,
    0.1297674904793501,
    0.14098503495156764,
    0.14493658701479434,
    0.14889446343183518,
    0.15306745082736015,
    0.15411484593153,
    0.16736491326391698,
    0.16895863007307052
  ],
  "actor_losses": [
    0.0,
    0.0,
    0.0,
    0.0,
    0.0,
    0.0,
    0.0,
    0.0,
    0.0,
    0.0,
    0.0,
    0.0,
    0.0,
    0.0,
    0.0,
    0.0,
    0.0,
    0.0,
    0.0,
    0.0,
    -0.5822376120202243,
    -0.7253733792759478,
    -0.8771135960869492,
    -1.00276765861921,
    -1.117363478243351,
    -1.2218883103609086,
    -1.3327063276290894,
    -1.4460099942922593,
    -1.5572315575122833,
    -1.6740810353279114,
    -1.7917424560546875,
    -1.9174496253967286,
    -2.028065706539154,
    -2.143627402305603,
    -2.261942202758789,
    -2.3770944406509398,
    -2.488923793029785,
    -2.611534042263031,
    -2.724249918937683,
    -2.8357758973121645,
    -2.952060651397705,
    -3.0650283579826354,
    -3.177245520591736,
    -3.286840633869171,
    -3.3966646777153016,
    -3.5059509984970094,
    -3.6130897914886475,
    -3.7172648663520813,
    -3.8231259119987486,
    -3.929648579788208
  ],
  "best_reward": -Infinity,
  "total_time": 175.70498371124268,
  "config": {
    "n_obs_neighbors": 1,
    "n_reward_neighbors": 1,
    "grid_x": 5,
    "grid_y": 5,
    "ddl": 2,
    "max_episodes": 50,
    "seed": 1000
  }
}