{
  "episode_rewards": [
    230.0,
    227.0,
    242.0,
    242.0,
    245.0,
    238.0,
    224.0,
    247.0,
    269.0,
    246.0,
    239.0,
    248.0,
    260.0,
    239.0,
    217.0,
    247.0,
    241.0,
    245.0,
    239.0,
    229.0,
    257.0,
    263.0,
    238.0,
    238.0,
    266.0,
    243.0,
    243.0,
    261.0,
    248.0,
    253.0,
    252.0,
    249.0,
    262.0,
    226.0,
    249.0,
    246.0,
    246.0,
    232.0,
    226.0,
    257.0,
    236.0,
    275.0,
    242.0,
    241.0,
    244.0,
    243.0,
    264.0,
    263.0,
    264.0,
    254.0
  ],
  "episode_lengths": [
    50,
    50,
    50,
    50,
    50,
    50,
    50,
    50,
    50,
    50,
    50,
    50,
    50,
    50,
    50,
    50,
    50,
    50,
    50,
    50,
    50,
    50,
    50,
    50,
    50,
    50,
    50,
    50,
    50,
    50,
    50,
    50,
    50,
    50,
    50,
    50,
    50,
    50,
    50,
    50,
    50,
    50,
    50,
    50,
    50,
    50,
    50,
    50,
    50,
    50
  ],
  "critic_losses": [
    0.0,
    0.0,
    0.0,
    0.0,
    0.0,
    0.0,
    0.0,
    0.0,
    0.0,
    0.0,
    0.0,
    0.0,
    0.0,
    0.0,
    0.0,
    0.0,
    0.0,
    0.0,
    0.0,
    0.0,
    0.05747976044565439,
    0.03211289397627115,
    0.025138461209088563,
    0.019105115421116352,
    0.014228672103956341,
    0.010421302301064134,
    0.008461574833095073,
    0.007883938834443688,
    0.007007358561828733,
    0.006991934784967452,
    0.00703963429024443,
    0.00720615876596421,
    0.008812631563469767,
    0.009213706396892667,
    0.009707592128962278,
    0.009819748268835247,
    0.010042643344961107,
    0.010658563118055462,
    0.01136395229715854,
    0.01207431674040854,
    0.011894783539511263,
    0.01177976604141295,
    0.011696274377778173,
    0.012092658537440001,
    0.012557250728830694,
    0.012274651663377881,
    0.013351477251946926,
    0.013373900003358722,
    0.012936654190346598,
    0.013149193812534214
  ],
  "actor_losses": [
    0.0,
    0.0,
    0.0,
    0.0,
    0.0,
    0.0,
    0.0,
    0.0,
    0.0,
    0.0,
    0.0,
    0.0,
    0.0,
    0.0,
    0.0,
    0.0,
    0.0,
    0.0,
    0.0,
    0.0,
    -0.2902753418765962,
    -0.38305194924771785,
    -0.45940624051988127,
    -0.5303556732092053,
    -0.5967499094542116,
    -0.6582317575998604,
    -0.7185914002090692,
    -0.7805953304026276,
    -0.8431335164170712,
    -0.9049221674118191,
    -0.965432168135047,
    -1.0285953850358724,
    -1.0870598397862166,
    -1.149261031877622,
    -1.2074264989435672,
    -1.2691583383202554,
    -1.333572362780571,
    -1.3967149789571762,
    -1.457417198061943,
    -1.5206664604663849,
    -1.580168121957779,
    -1.6448608365535735,
    -1.708310075044632,
    -1.7678035818576814,
    -1.8269065593242646,
    -1.8850860744476319,
    -1.9453759038925171,
    -1.9978807258605957,
    -2.0539469617843626,
    -2.1064555218696595
  ],
  "best_reward": -Infinity,
  "total_time": 441.2276134490967,
  "config": {
    "n_obs_neighbors": 1,
    "n_reward_neighbors": 1,
    "grid_x": 5,
    "grid_y": 5,
    "ddl": 2,
    "max_episodes": 50,
    "seed": 456
  }
}