{
  "episode_rewards": [
    251.0,
    236.0,
    266.0,
    243.0,
    244.0,
    258.0,
    244.0,
    245.0,
    257.0,
    232.0,
    251.0,
    261.0,
    240.0,
    253.0,
    257.0,
    240.0,
    225.0,
    242.0,
    227.0,
    247.0,
    265.0,
    257.0,
    251.0,
    253.0,
    252.0,
    249.0,
    247.0,
    259.0,
    247.0,
    234.0,
    250.0,
    267.0,
    221.0,
    255.0,
    262.0,
    220.0,
    238.0,
    246.0,
    228.0,
    245.0,
    222.0,
    264.0,
    258.0,
    266.0,
    261.0,
    237.0,
    241.0,
    263.0,
    224.0,
    250.0
  ],
  "episode_lengths": [
    50,
    50,
    50,
    50,
    50,
    50,
    50,
    50,
    50,
    50,
    50,
    50,
    50,
    50,
    50,
    50,
    50,
    50,
    50,
    50,
    50,
    50,
    50,
    50,
    50,
    50,
    50,
    50,
    50,
    50,
    50,
    50,
    50,
    50,
    50,
    50,
    50,
    50,
    50,
    50,
    50,
    50,
    50,
    50,
    50,
    50,
    50,
    50,
    50,
    50
  ],
  "critic_losses": [
    0.0,
    0.0,
    0.0,
    0.0,
    0.0,
    0.0,
    0.0,
    0.0,
    0.0,
    0.0,
    0.0,
    0.0,
    0.0,
    0.0,
    0.0,
    0.0,
    0.0,
    0.0,
    0.0,
    0.0,
    0.16332729982435704,
    0.12187303429841995,
    0.10447844858169555,
    0.09156837664246559,
    0.08367209370732308,
    0.07829136758446693,
    0.07385298316180706,
    0.07261281435191631,
    0.07415192660987377,
    0.07370232633650303,
    0.07811870413422585,
    0.08066498773694038,
    0.0869960923075676,
    0.08924728250205517,
    0.09718959109187127,
    0.10111092954277992,
    0.10651227434575558,
    0.11041501168310643,
    0.11627055349946022,
    0.12288828981220722,
    0.12774813046753405,
    0.13181583633720875,
    0.1328188328653574,
    0.14186342701613902,
    0.146346371409297,
    0.14792362436652184,
    0.15254119836091995,
    0.1554157030582428,
    0.1628483457028866,
    0.16423897808790208
  ],
  "actor_losses": [
    0.0,
    0.0,
    0.0,
    0.0,
    0.0,
    0.0,
    0.0,
    0.0,
    0.0,
    0.0,
    0.0,
    0.0,
    0.0,
    0.0,
    0.0,
    0.0,
    0.0,
    0.0,
    0.0,
    0.0,
    -0.49178780364096164,
    -0.6506757302843035,
    -0.7970944120429456,
    -0.9106682222671807,
    -1.005241817650199,
    -1.0924697726130486,
    -1.1812831714272498,
    -1.2738707387685775,
    -1.3588036722660064,
    -1.4487000069856644,
    -1.5354757380962372,
    -1.6363598129749297,
    -1.7204448853492738,
    -1.8099624371528626,
    -1.8992085726737975,
    -1.988564018535614,
    -2.0740825994491576,
    -2.167528621673584,
    -2.256125879192352,
    -2.343427013397217,
    -2.4350841123580933,
    -2.5266104809761045,
    -2.6176201442718505,
    -2.704237213039398,
    -2.7970494654655456,
    -2.8866018206596373,
    -2.977285036277771,
    -3.06150675945282,
    -3.151844896221161,
    -3.242160351371765
  ],
  "best_reward": -Infinity,
  "total_time": 287.9374282360077,
  "config": {
    "n_obs_neighbors": 1,
    "n_reward_neighbors": 1,
    "grid_x": 5,
    "grid_y": 5,
    "ddl": 2,
    "max_episodes": 50,
    "seed": 1000
  }
}