{
  "episode_rewards": [
    229.0,
    245.0,
    235.0,
    256.0,
    258.0,
    233.0,
    251.0,
    244.0,
    235.0,
    262.0,
    236.0,
    263.0,
    241.0,
    239.0,
    261.0,
    260.0,
    264.0,
    249.0,
    242.0,
    257.0,
    273.0,
    240.0,
    236.0,
    231.0,
    253.0,
    248.0,
    245.0,
    229.0,
    249.0,
    236.0,
    240.0,
    236.0,
    238.0,
    252.0,
    232.0,
    254.0,
    259.0,
    246.0,
    230.0,
    241.0,
    241.0,
    265.0,
    252.0,
    240.0,
    238.0,
    270.0,
    231.0,
    251.0,
    232.0,
    260.0
  ],
  "episode_lengths": [
    50,
    50,
    50,
    50,
    50,
    50,
    50,
    50,
    50,
    50,
    50,
    50,
    50,
    50,
    50,
    50,
    50,
    50,
    50,
    50,
    50,
    50,
    50,
    50,
    50,
    50,
    50,
    50,
    50,
    50,
    50,
    50,
    50,
    50,
    50,
    50,
    50,
    50,
    50,
    50,
    50,
    50,
    50,
    50,
    50,
    50,
    50,
    50,
    50,
    50
  ],
  "critic_losses": [
    0.0,
    0.0,
    0.0,
    0.0,
    0.0,
    0.0,
    0.0,
    0.0,
    0.0,
    0.0,
    0.0,
    0.0,
    0.0,
    0.0,
    0.0,
    0.0,
    0.0,
    0.0,
    0.0,
    0.0,
    0.07043304720669985,
    0.03314370175749064,
    0.029792520083487033,
    0.0247721641600132,
    0.019685924854129552,
    0.01694868950098753,
    0.014158197452500463,
    0.011945292572304606,
    0.010522050848975778,
    0.010121085322089494,
    0.00795537402117625,
    0.008222347931005061,
    0.007449712204001844,
    0.00854381525432691,
    0.0086039349691011,
    0.009222004749812185,
    0.009245427528582513,
    0.009456320351548492,
    0.009521561972796917,
    0.01052635740134865,
    0.010959846279397606,
    0.010232514569722117,
    0.010953940826654435,
    0.0109137413199991,
    0.011024882125109435,
    0.01097681444119662,
    0.010865531604737043,
    0.011572996835783124,
    0.012259178175404667,
    0.012070493377931415
  ],
  "actor_losses": [
    0.0,
    0.0,
    0.0,
    0.0,
    0.0,
    0.0,
    0.0,
    0.0,
    0.0,
    0.0,
    0.0,
    0.0,
    0.0,
    0.0,
    0.0,
    0.0,
    0.0,
    0.0,
    0.0,
    0.0,
    -0.26348587282001973,
    -0.3769620798587799,
    -0.4523858308672905,
    -0.5236224247459322,
    -0.5806573082987219,
    -0.6345920512393117,
    -0.6857122057497501,
    -0.740464990222454,
    -0.7951060360714793,
    -0.8515910516403615,
    -0.9090675167702138,
    -0.9626956573985517,
    -1.0219721714664252,
    -1.076349200478196,
    -1.1330235949091614,
    -1.191149220892787,
    -1.2476953625261784,
    -1.3037639865875243,
    -1.3561695324897767,
    -1.4133608811140062,
    -1.4633777611732484,
    -1.520889284682274,
    -1.5751728313446045,
    -1.626379518842697,
    -1.6784744304180146,
    -1.7360042353153229,
    -1.7868915006160737,
    -1.8400859637737275,
    -1.890367349243164,
    -1.942137473154068
  ],
  "best_reward": -Infinity,
  "total_time": 213.37479043006897,
  "config": {
    "n_obs_neighbors": 2,
    "n_reward_neighbors": 1,
    "grid_x": 5,
    "grid_y": 5,
    "ddl": 2,
    "max_episodes": 50
  }
}