{
  "episode_rewards": [
    257.0,
    238.0,
    229.0,
    224.0,
    251.0,
    246.0,
    263.0,
    239.0,
    250.0,
    256.0,
    221.0,
    254.0,
    257.0,
    257.0,
    239.0,
    246.0,
    244.0,
    243.0,
    234.0,
    251.0,
    253.0,
    260.0,
    260.0,
    254.0,
    233.0,
    262.0,
    257.0,
    232.0,
    225.0,
    244.0,
    236.0,
    287.0,
    245.0,
    248.0,
    232.0,
    270.0,
    244.0,
    259.0,
    234.0,
    251.0,
    246.0,
    260.0,
    251.0,
    269.0,
    260.0,
    210.0,
    238.0,
    244.0,
    231.0,
    236.0
  ],
  "episode_lengths": [
    50,
    50,
    50,
    50,
    50,
    50,
    50,
    50,
    50,
    50,
    50,
    50,
    50,
    50,
    50,
    50,
    50,
    50,
    50,
    50,
    50,
    50,
    50,
    50,
    50,
    50,
    50,
    50,
    50,
    50,
    50,
    50,
    50,
    50,
    50,
    50,
    50,
    50,
    50,
    50,
    50,
    50,
    50,
    50,
    50,
    50,
    50,
    50,
    50,
    50
  ],
  "critic_losses": [
    0.0,
    0.0,
    0.0,
    0.0,
    0.0,
    0.0,
    0.0,
    0.0,
    0.0,
    0.0,
    0.0,
    0.0,
    0.0,
    0.0,
    0.0,
    0.0,
    0.0,
    0.0,
    0.0,
    0.0,
    0.1610907688200474,
    0.1193972569078207,
    0.10262286684215069,
    0.08796991054713726,
    0.07832289022505283,
    0.07122455907166005,
    0.06660018819719553,
    0.06483932289630175,
    0.06493851202875375,
    0.06534850038290024,
    0.06687612432539464,
    0.06992908116430044,
    0.07378515426665544,
    0.07508995424807072,
    0.0803941292077303,
    0.08343028111606836,
    0.08623779754340649,
    0.09166323358863593,
    0.0983472952902317,
    0.101436865401268,
    0.10778210369050503,
    0.11033218514919281,
    0.11670595209300517,
    0.12575469131469727,
    0.1246938989341259,
    0.13461805447638034,
    0.1350177272975445,
    0.1423511958628893,
    0.1497737095117569,
    0.16106971230506897
  ],
  "actor_losses": [
    0.0,
    0.0,
    0.0,
    0.0,
    0.0,
    0.0,
    0.0,
    0.0,
    0.0,
    0.0,
    0.0,
    0.0,
    0.0,
    0.0,
    0.0,
    0.0,
    0.0,
    0.0,
    0.0,
    0.0,
    -0.30086022850945593,
    -0.44603595144376157,
    -0.5907391895987093,
    -0.716029761121422,
    -0.82719046322871,
    -0.9340589457191527,
    -1.0433512124881148,
    -1.1523250135976821,
    -1.2644202533207833,
    -1.383845792901516,
    -1.504426930975914,
    -1.6240698615074158,
    -1.7413835593938827,
    -1.8587564212799073,
    -1.9767770837306977,
    -2.0968817311286925,
    -2.217532854986191,
    -2.336966756439209,
    -2.453895885848999,
    -2.5728498123168944,
    -2.694419899940491,
    -2.8066230878829956,
    -2.9269660401344297,
    -3.033518776035309,
    -3.1540729887008667,
    -3.2566075592041015,
    -3.370215069770813,
    -3.4759567311286927,
    -3.581135210800171,
    -3.682174427509308
  ],
  "best_reward": -Infinity,
  "total_time": 215.62456941604614,
  "config": {
    "n_obs_neighbors": 1,
    "n_reward_neighbors": 1,
    "grid_x": 5,
    "grid_y": 5,
    "ddl": 2,
    "max_episodes": 50,
    "seed": 789
  }
}