{
  "episode_rewards": [
    246.0,
    241.0,
    240.0,
    245.0,
    233.0,
    255.0,
    257.0,
    237.0,
    261.0,
    226.0,
    236.0,
    244.0,
    254.0,
    233.0,
    240.0,
    239.0,
    249.0,
    258.0,
    253.0,
    257.0,
    253.0,
    253.0,
    249.0,
    232.0,
    234.0,
    244.0,
    237.0,
    238.0,
    240.0,
    253.0,
    230.0,
    233.0,
    252.0,
    241.0,
    257.0,
    256.0,
    257.0,
    252.0,
    254.0,
    259.0,
    259.0,
    230.0,
    253.0,
    227.0,
    245.0,
    262.0,
    260.0,
    249.0,
    224.0,
    254.0
  ],
  "episode_lengths": [
    50,
    50,
    50,
    50,
    50,
    50,
    50,
    50,
    50,
    50,
    50,
    50,
    50,
    50,
    50,
    50,
    50,
    50,
    50,
    50,
    50,
    50,
    50,
    50,
    50,
    50,
    50,
    50,
    50,
    50,
    50,
    50,
    50,
    50,
    50,
    50,
    50,
    50,
    50,
    50,
    50,
    50,
    50,
    50,
    50,
    50,
    50,
    50,
    50,
    50
  ],
  "critic_losses": [
    0.0,
    0.0,
    0.0,
    0.0,
    0.0,
    0.0,
    0.0,
    0.0,
    0.0,
    0.0,
    0.0,
    0.0,
    0.0,
    0.0,
    0.0,
    0.0,
    0.0,
    0.0,
    0.0,
    0.0,
    0.05520083569213748,
    0.022648387049138546,
    0.01849939217567444,
    0.016424285086616874,
    0.01409065245501697,
    0.012152133477851748,
    0.01039820774514228,
    0.00841918657515198,
    0.007791532988846302,
    0.006454642202705145,
    0.0062371223290450875,
    0.005539850011002273,
    0.005394845151063055,
    0.0057664527191780505,
    0.005901370146218687,
    0.0064623783960007135,
    0.006532999510224909,
    0.0076753512289375065,
    0.007101333075482399,
    0.007620064902957529,
    0.007871337775699795,
    0.007471077065356076,
    0.0075790866404771805,
    0.0077281319268047806,
    0.008605675966199487,
    0.00834724594000727,
    0.00895623379573226,
    0.008165015285462141,
    0.00816477667670697,
    0.010852688469365239
  ],
  "actor_losses": [
    0.0,
    0.0,
    0.0,
    0.0,
    0.0,
    0.0,
    0.0,
    0.0,
    0.0,
    0.0,
    0.0,
    0.0,
    0.0,
    0.0,
    0.0,
    0.0,
    0.0,
    0.0,
    0.0,
    0.0,
    -0.19952842732295395,
    -0.3064481856733561,
    -0.3972265534169972,
    -0.4660327807798982,
    -0.5337680178031325,
    -0.595823411051184,
    -0.6563472489036619,
    -0.7192730032801629,
    -0.7817477389633656,
    -0.8445571889221668,
    -0.9047657656699419,
    -0.9657663163870573,
    -1.026550031582266,
    -1.0856671986281872,
    -1.1457271247927099,
    -1.2049409518372267,
    -1.268933951179683,
    -1.32525998839736,
    -1.3850291995465756,
    -1.4454065777897835,
    -1.5002973034501075,
    -1.560402406322956,
    -1.615689268231392,
    -1.6691095056295395,
    -1.7205080796718597,
    -1.7806051408290864,
    -1.8284011339664459,
    -1.8846895772457122,
    -1.9372695083141327,
    -1.9876898838996888
  ],
  "best_reward": -Infinity,
  "total_time": 211.1525218486786,
  "config": {
    "n_obs_neighbors": 2,
    "n_reward_neighbors": 2,
    "grid_x": 5,
    "grid_y": 5,
    "ddl": 2,
    "max_episodes": 50,
    "seed": null
  }
}