{
  "episode_rewards": [
    260.0,
    252.0,
    221.0,
    235.0,
    237.0,
    232.0,
    233.0,
    248.0,
    260.0,
    261.0,
    244.0,
    264.0,
    251.0,
    264.0,
    244.0,
    226.0,
    248.0,
    248.0,
    250.0,
    233.0,
    220.0,
    244.0,
    261.0,
    253.0,
    259.0,
    270.0,
    245.0,
    264.0,
    242.0,
    249.0,
    238.0,
    266.0,
    226.0,
    243.0,
    251.0,
    250.0,
    239.0,
    230.0,
    246.0,
    262.0,
    254.0,
    262.0,
    228.0,
    257.0,
    264.0,
    230.0,
    252.0,
    233.0,
    230.0,
    235.0
  ],
  "episode_lengths": [
    50,
    50,
    50,
    50,
    50,
    50,
    50,
    50,
    50,
    50,
    50,
    50,
    50,
    50,
    50,
    50,
    50,
    50,
    50,
    50,
    50,
    50,
    50,
    50,
    50,
    50,
    50,
    50,
    50,
    50,
    50,
    50,
    50,
    50,
    50,
    50,
    50,
    50,
    50,
    50,
    50,
    50,
    50,
    50,
    50,
    50,
    50,
    50,
    50,
    50
  ],
  "critic_losses": [
    0.0,
    0.0,
    0.0,
    0.0,
    0.0,
    0.0,
    0.0,
    0.0,
    0.0,
    0.0,
    0.0,
    0.0,
    0.0,
    0.0,
    0.0,
    0.0,
    0.0,
    0.0,
    0.0,
    0.0,
    0.1534808690533042,
    0.1118001449495554,
    0.09643183425962924,
    0.08492063147723675,
    0.07603448864817619,
    0.069771476290375,
    0.0669186566248536,
    0.06483628035783767,
    0.06461071218177676,
    0.06491385226920247,
    0.06680327737629414,
    0.06826267513930798,
    0.07242125706598163,
    0.07301429181620478,
    0.07685333776250482,
    0.08107186810076236,
    0.08426777702197433,
    0.08764834170266986,
    0.09378009101599455,
    0.0973293498545885,
    0.10406417031884194,
    0.10663319008499383,
    0.10903702593892813,
    0.11770339689999819,
    0.12174854787886143,
    0.12554156990349294,
    0.135286736433208,
    0.1424440146535635,
    0.14215239383876324,
    0.15017293959259986
  ],
  "actor_losses": [
    0.0,
    0.0,
    0.0,
    0.0,
    0.0,
    0.0,
    0.0,
    0.0,
    0.0,
    0.0,
    0.0,
    0.0,
    0.0,
    0.0,
    0.0,
    0.0,
    0.0,
    0.0,
    0.0,
    0.0,
    -0.4867936493705958,
    -0.6984704355879687,
    -0.8431300213897601,
    -0.9593035284750163,
    -1.0705759790420533,
    -1.1773697045087814,
    -1.2807338644742965,
    -1.3846416222572326,
    -1.4898057189941407,
    -1.593296380996704,
    -1.696044750070572,
    -1.7975595608234405,
    -1.9008563361644746,
    -2.0048064761161806,
    -2.1059059458732605,
    -2.2082079288482666,
    -2.307121517944336,
    -2.4108404211997985,
    -2.5082947479248046,
    -2.607965780925751,
    -2.706106358242035,
    -2.8023366293907164,
    -2.8986354574203492,
    -2.9911632221221924,
    -3.0890624809265135,
    -3.1811203464508058,
    -3.27026055431366,
    -3.359921063041687,
    -3.449144437789917,
    -3.5347103788375853
  ],
  "best_reward": -Infinity,
  "total_time": 435.59980607032776,
  "config": {
    "n_obs_neighbors": 1,
    "n_reward_neighbors": 1,
    "grid_x": 5,
    "grid_y": 5,
    "ddl": 2,
    "max_episodes": 50,
    "seed": 456
  }
}