{
  "episode_rewards": [
    242.0,
    228.0,
    257.0,
    276.0,
    253.0,
    270.0,
    258.0,
    243.0,
    242.0,
    232.0,
    243.0,
    244.0,
    244.0,
    238.0,
    247.0,
    254.0,
    249.0,
    240.0,
    238.0,
    228.0,
    256.0,
    279.0,
    252.0,
    238.0,
    239.0,
    250.0,
    230.0,
    268.0,
    255.0,
    246.0,
    249.0,
    253.0,
    249.0,
    277.0,
    264.0,
    256.0,
    249.0,
    245.0,
    245.0,
    237.0,
    244.0,
    242.0,
    243.0,
    247.0,
    258.0,
    254.0,
    253.0,
    254.0,
    230.0,
    243.0
  ],
  "episode_lengths": [
    50,
    50,
    50,
    50,
    50,
    50,
    50,
    50,
    50,
    50,
    50,
    50,
    50,
    50,
    50,
    50,
    50,
    50,
    50,
    50,
    50,
    50,
    50,
    50,
    50,
    50,
    50,
    50,
    50,
    50,
    50,
    50,
    50,
    50,
    50,
    50,
    50,
    50,
    50,
    50,
    50,
    50,
    50,
    50,
    50,
    50,
    50,
    50,
    50,
    50
  ],
  "critic_losses": [
    0.0,
    0.0,
    0.0,
    0.0,
    0.0,
    0.0,
    0.0,
    0.0,
    0.0,
    0.0,
    0.0,
    0.0,
    0.0,
    0.0,
    0.0,
    0.0,
    0.0,
    0.0,
    0.0,
    0.0,
    0.16004744255840778,
    0.11374197682291269,
    0.097260909435153,
    0.08402162610143422,
    0.075570201125741,
    0.07007054223418235,
    0.06586580927819013,
    0.06479891485050321,
    0.06485866287946701,
    0.06513263748660683,
    0.06754388577640057,
    0.06627473582178355,
    0.07010220695585012,
    0.07256454990953207,
    0.07880700747966767,
    0.08104635015279055,
    0.08532486829981208,
    0.08925196499079466,
    0.09327235506176948,
    0.09930328153297305,
    0.1053611380085349,
    0.1072251810863614,
    0.10887079923078417,
    0.12015691692084074,
    0.12527288205474615,
    0.13024661897271872,
    0.13468831662982703,
    0.13260161754190922,
    0.14013247307687998,
    0.14719272627830504
  ],
  "actor_losses": [
    0.0,
    0.0,
    0.0,
    0.0,
    0.0,
    0.0,
    0.0,
    0.0,
    0.0,
    0.0,
    0.0,
    0.0,
    0.0,
    0.0,
    0.0,
    0.0,
    0.0,
    0.0,
    0.0,
    0.0,
    -0.5061424973955377,
    -0.7197528189904988,
    -0.8678226872390136,
    -0.987840070706606,
    -1.1011523232221603,
    -1.206631545472145,
    -1.3134450845003127,
    -1.4200423281669616,
    -1.5248609437942504,
    -1.6292442842006682,
    -1.7323435449123383,
    -1.8424694929122925,
    -1.9427784116744995,
    -2.049538787174225,
    -2.154062533855438,
    -2.2554127482414246,
    -2.359472012615204,
    -2.461965797805786,
    -2.565127801799774,
    -2.661190310764313,
    -2.765274606704712,
    -2.861198411273956,
    -2.956014747428894,
    -3.0485744092941283,
    -3.1413740776062014,
    -3.2376681188583376,
    -3.3285193891525267,
    -3.419844595718384,
    -3.510956481552124,
    -3.599218244934082
  ],
  "best_reward": -Infinity,
  "total_time": 449.93291544914246,
  "config": {
    "n_obs_neighbors": 1,
    "n_reward_neighbors": 1,
    "grid_x": 5,
    "grid_y": 5,
    "ddl": 2,
    "max_episodes": 50,
    "seed": 1000
  }
}