{
  "episode_rewards": [
    240.0,
    262.0,
    249.0,
    264.0,
    218.0,
    223.0,
    252.0,
    289.0,
    254.0,
    266.0,
    233.0,
    249.0,
    274.0,
    234.0,
    265.0,
    262.0,
    221.0,
    251.0,
    230.0,
    275.0,
    244.0,
    239.0,
    255.0,
    279.0,
    262.0,
    254.0,
    240.0,
    219.0,
    222.0,
    232.0,
    231.0,
    243.0,
    252.0,
    254.0,
    230.0,
    226.0,
    255.0,
    272.0,
    250.0,
    240.0,
    250.0,
    258.0,
    250.0,
    267.0,
    270.0,
    252.0,
    238.0,
    260.0,
    232.0,
    263.0
  ],
  "episode_lengths": [
    50,
    50,
    50,
    50,
    50,
    50,
    50,
    50,
    50,
    50,
    50,
    50,
    50,
    50,
    50,
    50,
    50,
    50,
    50,
    50,
    50,
    50,
    50,
    50,
    50,
    50,
    50,
    50,
    50,
    50,
    50,
    50,
    50,
    50,
    50,
    50,
    50,
    50,
    50,
    50,
    50,
    50,
    50,
    50,
    50,
    50,
    50,
    50,
    50,
    50
  ],
  "critic_losses": [
    0.0,
    0.0,
    0.0,
    0.0,
    0.0,
    0.0,
    0.0,
    0.0,
    0.0,
    0.0,
    0.0,
    0.0,
    0.0,
    0.0,
    0.0,
    0.0,
    0.0,
    0.0,
    0.0,
    0.0,
    0.059885186916589735,
    0.033827430710941554,
    0.025485950949043035,
    0.01895274100601673,
    0.014484888536483049,
    0.010998439719900489,
    0.009120994449034333,
    0.007856385051831604,
    0.007888192816916852,
    0.007540075454860926,
    0.0077921624206006524,
    0.008503638960979878,
    0.00894574606474489,
    0.008853959167003631,
    0.009354318016581237,
    0.01015181193370372,
    0.010676962176151574,
    0.011190947091951967,
    0.011456247571855784,
    0.011572872763313353,
    0.011526442364044487,
    0.011528502674214541,
    0.01198474965915084,
    0.01321084778867662,
    0.012809131990373134,
    0.013907672066614031,
    0.013222063723951578,
    0.01349290627874434,
    0.013824738742783666,
    0.014859832421317696
  ],
  "actor_losses": [
    0.0,
    0.0,
    0.0,
    0.0,
    0.0,
    0.0,
    0.0,
    0.0,
    0.0,
    0.0,
    0.0,
    0.0,
    0.0,
    0.0,
    0.0,
    0.0,
    0.0,
    0.0,
    0.0,
    0.0,
    -0.0786401082187891,
    -0.17465405156612396,
    -0.244106087949872,
    -0.32246398659646514,
    -0.3886983332183212,
    -0.45579307820498943,
    -0.5258783191915601,
    -0.5902392599374056,
    -0.6521723542839288,
    -0.7162553741455078,
    -0.7833125261634588,
    -0.84778105054833,
    -0.9121744762167334,
    -0.9768234547138214,
    -1.0428059244971721,
    -1.10575277672112,
    -1.1695870558679105,
    -1.2372832865834236,
    -1.3030409386992454,
    -1.3626339413166046,
    -1.4219904911518098,
    -1.4858798815011978,
    -1.5472618081092835,
    -1.6054296857357024,
    -1.663163978624344,
    -1.7137999274253846,
    -1.7743683173179627,
    -1.827106935930252,
    -1.8842174305438995,
    -1.9382777426719666
  ],
  "best_reward": -Infinity,
  "total_time": 358.70799589157104,
  "config": {
    "n_obs_neighbors": 1,
    "n_reward_neighbors": 1,
    "grid_x": 5,
    "grid_y": 5,
    "ddl": 2,
    "max_episodes": 50,
    "seed": 5000
  }
}