{
  "n_seeds": 4,
  "valid_seeds": [
    42,
    123,
    456,
    789
  ],
  "n_episodes": 50,
  "final_mean_reward": 248.0,
  "final_std_reward": 13.874436925511608,
  "max_mean_reward": 259.25,
  "mean_rewards": [
    250.5,
    237.0,
    239.25,
    235.0,
    257.5,
    244.75,
    243.0,
    247.5,
    245.75,
    250.5,
    239.5,
    252.5,
    243.25,
    244.75,
    241.75,
    245.25,
    252.0,
    242.5,
    248.0,
    249.0,
    259.25,
    254.25,
    254.5,
    255.0,
    240.25,
    252.0,
    246.75,
    234.0,
    242.0,
    240.25,
    238.5,
    251.0,
    250.5,
    240.75,
    242.25,
    254.5,
    245.75,
    249.25,
    247.75,
    248.0,
    244.0,
    247.0,
    253.0,
    248.75,
    255.0,
    238.0,
    239.75,
    248.0,
    239.5,
    248.0
  ],
  "std_rewards": [
    13.219304066402286,
    8.18535277187245,
    11.882234638316145,
    10.977249200050075,
    10.712142642814275,
    8.287792227125388,
    13.285330255586423,
    18.145247311624054,
    4.14578098794425,
    9.5524865872714,
    14.396180048887969,
    9.287087810503355,
    12.891373084353738,
    7.628073151196179,
    16.052647756678645,
    7.084313657652377,
    6.670832032063167,
    2.958039891549808,
    17.219175357722563,
    8.455767262643882,
    11.4755174175285,
    9.60143218483576,
    4.9749371855331,
    6.6332495807108,
    14.411367041332339,
    5.873670062235365,
    9.12071817347735,
    9.974968671630002,
    14.317821063276353,
    9.470348462437906,
    8.789197915623474,
    17.029386365926403,
    14.705441169852742,
    11.277743568639961,
    2.8613807855648994,
    10.618380290797651,
    4.968651728587948,
    9.33742469849155,
    12.336429791475327,
    11.489125293076057,
    11.683321445547923,
    7.648529270389178,
    5.787918451395113,
    10.158124826955023,
    13.322912594474229,
    15.116216457830975,
    11.519006033508273,
    8.74642784226795,
    8.958236433584458,
    13.874436925511608
  ]
}