{
  "episode_rewards": [
    269.0,
    250.0,
    238.0,
    225.0,
    257.0,
    234.0,
    232.0,
    254.0,
    239.0,
    255.0,
    258.0,
    237.0,
    233.0,
    236.0,
    245.0,
    245.0,
    257.0,
    247.0,
    229.0,
    241.0,
    244.0,
    239.0,
    258.0,
    259.0,
    221.0,
    262.0,
    237.0,
    221.0,
    259.0,
    247.0,
    252.0,
    252.0,
    264.0,
    221.0,
    251.0,
    241.0,
    258.0,
    251.0,
    264.0,
    246.0,
    272.0,
    255.0,
    254.0,
    257.0,
    260.0,
    241.0,
    221.0,
    261.0,
    249.0,
    265.0
  ],
  "episode_lengths": [
    50,
    50,
    50,
    50,
    50,
    50,
    50,
    50,
    50,
    50,
    50,
    50,
    50,
    50,
    50,
    50,
    50,
    50,
    50,
    50,
    50,
    50,
    50,
    50,
    50,
    50,
    50,
    50,
    50,
    50,
    50,
    50,
    50,
    50,
    50,
    50,
    50,
    50,
    50,
    50,
    50,
    50,
    50,
    50,
    50,
    50,
    50,
    50,
    50,
    50
  ],
  "critic_losses": [
    0.0,
    0.0,
    0.0,
    0.0,
    0.0,
    0.0,
    0.0,
    0.0,
    0.0,
    0.0,
    0.0,
    0.0,
    0.0,
    0.0,
    0.0,
    0.0,
    0.0,
    0.0,
    0.0,
    0.0,
    0.1592882655352354,
    0.11922418032884598,
    0.10222568212151527,
    0.08889003655761481,
    0.0794198075056076,
    0.07353352883607149,
    0.06814065972119569,
    0.06655010306537151,
    0.06826438565850258,
    0.0700765461191535,
    0.071278061658144,
    0.07541945508122444,
    0.08125952379405499,
    0.0844084860175848,
    0.08997919177412987,
    0.09390905088186265,
    0.09712626458406448,
    0.10159982722103596,
    0.10775651613175868,
    0.11206009863317012,
    0.11503469014167786,
    0.12246367700695991,
    0.12190799900591373,
    0.13005360519587994,
    0.13794885548055172,
    0.13833423981964588,
    0.14623496920764445,
    0.14619990283846857,
    0.14543181785941123,
    0.1512911991029978
  ],
  "actor_losses": [
    0.0,
    0.0,
    0.0,
    0.0,
    0.0,
    0.0,
    0.0,
    0.0,
    0.0,
    0.0,
    0.0,
    0.0,
    0.0,
    0.0,
    0.0,
    0.0,
    0.0,
    0.0,
    0.0,
    0.0,
    -0.07446381794959307,
    -0.2510912004865706,
    -0.40082392621710894,
    -0.5243520493093878,
    -0.627515366685018,
    -0.721396089072898,
    -0.809993217028305,
    -0.8943643446750938,
    -0.984438219627738,
    -1.0836312726113946,
    -1.1801009118448942,
    -1.270784088032134,
    -1.3652525049880146,
    -1.4604448578894138,
    -1.554814392387867,
    -1.6551456822156907,
    -1.750220809030533,
    -1.848846109890938,
    -1.9436573037624358,
    -2.037913023376465,
    -2.1282889055252077,
    -2.2233776734352113,
    -2.323442238283157,
    -2.4187675614356996,
    -2.5083396388053893,
    -2.6024457585334777,
    -2.696697681427002,
    -2.7870062834739686,
    -2.885351414012909,
    -2.9751957105636597
  ],
  "best_reward": -Infinity,
  "total_time": 351.27684473991394,
  "config": {
    "n_obs_neighbors": 1,
    "n_reward_neighbors": 1,
    "grid_x": 5,
    "grid_y": 5,
    "ddl": 2,
    "max_episodes": 50,
    "seed": 42
  }
}