{
  "episode_rewards": [
    242.0,
    247.0,
    272.0,
    255.0,
    233.0,
    240.0,
    250.0,
    246.0,
    241.0,
    239.0,
    234.0,
    245.0,
    251.0,
    256.0,
    246.0,
    263.0,
    231.0,
    259.0,
    244.0,
    255.0,
    257.0,
    239.0,
    236.0,
    279.0,
    258.0,
    241.0,
    231.0,
    235.0,
    253.0,
    232.0,
    234.0,
    240.0,
    265.0,
    281.0,
    245.0,
    240.0,
    246.0,
    238.0,
    241.0,
    244.0,
    240.0,
    261.0,
    289.0,
    225.0,
    243.0,
    255.0,
    238.0,
    242.0,
    269.0,
    261.0
  ],
  "episode_lengths": [
    50,
    50,
    50,
    50,
    50,
    50,
    50,
    50,
    50,
    50,
    50,
    50,
    50,
    50,
    50,
    50,
    50,
    50,
    50,
    50,
    50,
    50,
    50,
    50,
    50,
    50,
    50,
    50,
    50,
    50,
    50,
    50,
    50,
    50,
    50,
    50,
    50,
    50,
    50,
    50,
    50,
    50,
    50,
    50,
    50,
    50,
    50,
    50,
    50,
    50
  ],
  "critic_losses": [
    0.0,
    0.0,
    0.0,
    0.0,
    0.0,
    0.0,
    0.0,
    0.0,
    0.0,
    0.0,
    0.0,
    0.0,
    0.0,
    0.0,
    0.0,
    0.0,
    0.0,
    0.0,
    0.0,
    0.0,
    0.15721291947364807,
    0.11922356986701488,
    0.10289807065874339,
    0.08926636167466641,
    0.08108285561203957,
    0.07363856240212917,
    0.06954185998141765,
    0.06800473504066468,
    0.06842856043875217,
    0.06922594863325357,
    0.07132461115568876,
    0.07507105423808098,
    0.07892344337105751,
    0.08298304912149906,
    0.08656314523518086,
    0.09507728579044342,
    0.09792714432477952,
    0.10036570824980735,
    0.10439117656350136,
    0.11177167551517486,
    0.11750770698487759,
    0.11993346220552921,
    0.12225264420211315,
    0.12893424636721612,
    0.13015654018521308,
    0.14153938773870467,
    0.1406872026026249,
    0.14981629116535186,
    0.1490950770586729,
    0.15483679181337356
  ],
  "actor_losses": [
    0.0,
    0.0,
    0.0,
    0.0,
    0.0,
    0.0,
    0.0,
    0.0,
    0.0,
    0.0,
    0.0,
    0.0,
    0.0,
    0.0,
    0.0,
    0.0,
    0.0,
    0.0,
    0.0,
    0.0,
    -0.23824208152070642,
    -0.4180674109973013,
    -0.5658358451738954,
    -0.6888001837149262,
    -0.7923656962037087,
    -0.8891586482226849,
    -0.9719799028269946,
    -1.0585775351200253,
    -1.1446899458393454,
    -1.2319663144282997,
    -1.316923084334284,
    -1.4080022651027888,
    -1.494200423739478,
    -1.5803920289993285,
    -1.6704377737402916,
    -1.7643471170663834,
    -1.858073077893257,
    -1.9496667428970338,
    -2.0430691106319427,
    -2.138227552270889,
    -2.2252276786804197,
    -2.3229652983665465,
    -2.4176490699768065,
    -2.505128886604309,
    -2.594329628276825,
    -2.6784636912345885,
    -2.7733706431388856,
    -2.8568112204551697,
    -2.9573734727859495,
    -3.0410870701789854
  ],
  "best_reward": -Infinity,
  "total_time": 297.32662177085876,
  "config": {
    "n_obs_neighbors": 1,
    "n_reward_neighbors": 1,
    "grid_x": 5,
    "grid_y": 5,
    "ddl": 2,
    "max_episodes": 50,
    "seed": 5000
  }
}