{
  "episode_rewards": [
    243.0,
    243.0,
    228.0,
    231.0,
    226.0,
    268.0,
    249.0,
    231.0,
    229.0,
    257.0,
    231.0,
    246.0,
    252.0,
    244.0,
    249.0,
    240.0,
    232.0,
    247.0,
    247.0,
    259.0,
    265.0,
    250.0,
    278.0,
    238.0,
    252.0,
    243.0,
    245.0,
    257.0,
    261.0,
    250.0,
    260.0,
    242.0,
    264.0,
    262.0,
    252.0,
    276.0,
    244.0,
    223.0,
    244.0,
    243.0,
    245.0,
    252.0,
    246.0,
    244.0,
    266.0,
    235.0,
    223.0,
    248.0,
    231.0,
    240.0
  ],
  "episode_lengths": [
    50,
    50,
    50,
    50,
    50,
    50,
    50,
    50,
    50,
    50,
    50,
    50,
    50,
    50,
    50,
    50,
    50,
    50,
    50,
    50,
    50,
    50,
    50,
    50,
    50,
    50,
    50,
    50,
    50,
    50,
    50,
    50,
    50,
    50,
    50,
    50,
    50,
    50,
    50,
    50,
    50,
    50,
    50,
    50,
    50,
    50,
    50,
    50,
    50,
    50
  ],
  "critic_losses": [
    0.0,
    0.0,
    0.0,
    0.0,
    0.0,
    0.0,
    0.0,
    0.0,
    0.0,
    0.0,
    0.0,
    0.0,
    0.0,
    0.0,
    0.0,
    0.0,
    0.0,
    0.0,
    0.0,
    0.0,
    0.15944870768040417,
    0.1138621715798974,
    0.09979018548205495,
    0.08662991954833268,
    0.07812472317814827,
    0.07215149896293878,
    0.06749070327579976,
    0.06716498312875628,
    0.06640190717056393,
    0.06609381162375212,
    0.06927227044180036,
    0.07052022158056498,
    0.07482218535840511,
    0.0755396220035851,
    0.08038925214409828,
    0.08349610425531864,
    0.08694118685647845,
    0.09200081650912761,
    0.09711095052957534,
    0.10148794463649392,
    0.10825835765749216,
    0.10914976800978184,
    0.11708477023094893,
    0.12338112687468529,
    0.12407454950213433,
    0.13281664665341378,
    0.13176070773154497,
    0.13845235252827406,
    0.14980485761761667,
    0.16131726086139678
  ],
  "actor_losses": [
    0.0,
    0.0,
    0.0,
    0.0,
    0.0,
    0.0,
    0.0,
    0.0,
    0.0,
    0.0,
    0.0,
    0.0,
    0.0,
    0.0,
    0.0,
    0.0,
    0.0,
    0.0,
    0.0,
    0.0,
    -0.46302758825942875,
    -0.6804950849112124,
    -0.8309271178305149,
    -0.9519474289895036,
    -1.0670439802683425,
    -1.175488686567545,
    -1.285801423227787,
    -1.3882468005537987,
    -1.4957991366386414,
    -1.6050571791410446,
    -1.711310189151764,
    -1.8171701005458831,
    -1.9233058534145355,
    -2.031156078529358,
    -2.134946627521515,
    -2.2377220991134643,
    -2.346878577613831,
    -2.448775794887543,
    -2.550037511062622,
    -2.652690194129944,
    -2.7499666524887085,
    -2.851317761898041,
    -2.950225007247925,
    -3.0473392281532288,
    -3.141697125911713,
    -3.234622038555145,
    -3.3321581800460813,
    -3.419468457221985,
    -3.5065106630325316,
    -3.590185087585449
  ],
  "best_reward": -Infinity,
  "total_time": 447.1557791233063,
  "config": {
    "n_obs_neighbors": 1,
    "n_reward_neighbors": 1,
    "grid_x": 5,
    "grid_y": 5,
    "ddl": 2,
    "max_episodes": 50,
    "seed": 789
  }
}