{
  "episode_rewards": [
    246.0,
    256.0,
    252.0,
    270.0,
    226.0,
    247.0,
    264.0,
    216.0,
    271.0,
    266.0,
    244.0,
    248.0,
    253.0,
    248.0,
    263.0,
    250.0,
    224.0,
    237.0,
    223.0,
    229.0,
    250.0,
    241.0,
    240.0,
    241.0,
    244.0,
    247.0,
    240.0,
    246.0,
    252.0,
    237.0,
    246.0,
    250.0,
    247.0,
    246.0,
    263.0,
    240.0,
    246.0,
    271.0,
    237.0,
    248.0,
    255.0,
    243.0,
    247.0,
    234.0,
    259.0,
    239.0,
    227.0,
    248.0,
    239.0,
    272.0
  ],
  "episode_lengths": [
    50,
    50,
    50,
    50,
    50,
    50,
    50,
    50,
    50,
    50,
    50,
    50,
    50,
    50,
    50,
    50,
    50,
    50,
    50,
    50,
    50,
    50,
    50,
    50,
    50,
    50,
    50,
    50,
    50,
    50,
    50,
    50,
    50,
    50,
    50,
    50,
    50,
    50,
    50,
    50,
    50,
    50,
    50,
    50,
    50,
    50,
    50,
    50,
    50,
    50
  ],
  "critic_losses": [
    0.0,
    0.0,
    0.0,
    0.0,
    0.0,
    0.0,
    0.0,
    0.0,
    0.0,
    0.0,
    0.0,
    0.0,
    0.0,
    0.0,
    0.0,
    0.0,
    0.0,
    0.0,
    0.0,
    0.0,
    0.16378060059547425,
    0.11432911421805621,
    0.09751012009978294,
    0.08456373850405216,
    0.07638558123111724,
    0.0700073595881462,
    0.0658066994190216,
    0.0636777953132987,
    0.06515062673464417,
    0.06371040426790714,
    0.06545049643144012,
    0.06831065312922001,
    0.07062389849722385,
    0.07451490109711885,
    0.07685498828068375,
    0.08294422947093845,
    0.08698776558563114,
    0.08853066457733512,
    0.09400960061401128,
    0.10155197245329618,
    0.10735908330082894,
    0.10846755625456572,
    0.11004349740147591,
    0.11799338180571795,
    0.1203043310597539,
    0.13650943856835365,
    0.1301607175305486,
    0.14252280191034078,
    0.14096559257656335,
    0.1499588442131877
  ],
  "actor_losses": [
    0.0,
    0.0,
    0.0,
    0.0,
    0.0,
    0.0,
    0.0,
    0.0,
    0.0,
    0.0,
    0.0,
    0.0,
    0.0,
    0.0,
    0.0,
    0.0,
    0.0,
    0.0,
    0.0,
    0.0,
    -0.46918636471722275,
    -0.6832883374266326,
    -0.8298319388432428,
    -0.9515636908650398,
    -1.0612281274255364,
    -1.175778912815079,
    -1.2863348803048953,
    -1.391157175898552,
    -1.4986381875872612,
    -1.6030603022575378,
    -1.705743502163887,
    -1.8078785706281661,
    -1.9156031388282775,
    -2.0190223510742187,
    -2.1248583322525025,
    -2.225289446926117,
    -2.3305583846092226,
    -2.4382093887329104,
    -2.5375363746643065,
    -2.6358715534210204,
    -2.73153561668396,
    -2.8327621203422546,
    -2.9334449165344236,
    -3.0307612424850463,
    -3.123177242565155,
    -3.2094238233566283,
    -3.30561882352829,
    -3.3934035326004026,
    -3.487447346115112,
    -3.5756952899932863
  ],
  "best_reward": -Infinity,
  "total_time": 272.168643951416,
  "config": {
    "n_obs_neighbors": 1,
    "n_reward_neighbors": 1,
    "grid_x": 5,
    "grid_y": 5,
    "ddl": 2,
    "max_episodes": 50,
    "seed": 5000
  }
}