{
  "episode_rewards": [
    251.0,
    227.0,
    248.0,
    235.0,
    251.0,
    226.0,
    262.0,
    258.0,
    249.0,
    262.0,
    229.0,
    261.0,
    260.0,
    239.0,
    253.0,
    244.0,
    244.0,
    269.0,
    217.0,
    252.0,
    252.0,
    233.0,
    245.0,
    234.0,
    274.0,
    251.0,
    219.0,
    230.0,
    251.0,
    244.0,
    257.0,
    261.0,
    228.0,
    254.0,
    244.0,
    247.0,
    243.0,
    236.0,
    220.0,
    244.0,
    250.0,
    255.0,
    263.0,
    249.0,
    248.0,
    265.0,
    252.0,
    245.0,
    231.0,
    242.0
  ],
  "episode_lengths": [
    50,
    50,
    50,
    50,
    50,
    50,
    50,
    50,
    50,
    50,
    50,
    50,
    50,
    50,
    50,
    50,
    50,
    50,
    50,
    50,
    50,
    50,
    50,
    50,
    50,
    50,
    50,
    50,
    50,
    50,
    50,
    50,
    50,
    50,
    50,
    50,
    50,
    50,
    50,
    50,
    50,
    50,
    50,
    50,
    50,
    50,
    50,
    50,
    50,
    50
  ],
  "critic_losses": [
    0.0,
    0.0,
    0.0,
    0.0,
    0.0,
    0.0,
    0.0,
    0.0,
    0.0,
    0.0,
    0.0,
    0.0,
    0.0,
    0.0,
    0.0,
    0.0,
    0.0,
    0.0,
    0.0,
    0.0,
    0.11110088443160057,
    0.03385428102165461,
    0.03432452351823449,
    0.03525737579911947,
    0.034717312943935395,
    0.035304597221314904,
    0.036802036079764365,
    0.04030659282803536,
    0.03963791323751211,
    0.0421469446785748,
    0.04375226383879781,
    0.042150323752313854,
    0.049902339085936546,
    0.047974134574085475,
    0.04861120176166296,
    0.05518886018395424,
    0.055765797563642264,
    0.053601684769243,
    0.06474239979535341,
    0.06356976797133684,
    0.06460855378061534,
    0.06405165204554797,
    0.06986687532216311,
    0.07186914887428283,
    0.07029611807614565,
    0.0659024660885334,
    0.06753132882118225,
    0.07915307486206292,
    0.07596578914225101,
    0.07308495719730854
  ],
  "actor_losses": [
    0.0,
    0.0,
    0.0,
    0.0,
    0.0,
    0.0,
    0.0,
    0.0,
    0.0,
    0.0,
    0.0,
    0.0,
    0.0,
    0.0,
    0.0,
    0.0,
    0.0,
    0.0,
    0.0,
    0.0,
    -0.6880130611777305,
    -0.8184634698033333,
    -0.8941143345117569,
    -0.9493601366728545,
    -0.9971303547091782,
    -1.0480298833973707,
    -1.0994276741348208,
    -1.1409927007049323,
    -1.193656365531683,
    -1.2433093800187112,
    -1.29393447368145,
    -1.35170712774992,
    -1.4060330199837685,
    -1.4607196606874466,
    -1.5143078983306886,
    -1.5686951142549515,
    -1.6330110095262527,
    -1.7049619491100312,
    -1.7649431527137756,
    -1.823259428834915,
    -1.890110501384735,
    -1.9656192725658417,
    -2.0201769491672517,
    -2.078819116449356,
    -2.143718576288223,
    -2.208309896850586,
    -2.26604350976944,
    -2.3163312614440916,
    -2.3795344385147095,
    -2.435064260673523
  ],
  "best_reward": -Infinity,
  "total_time": 221.2878658771515,
  "config": {
    "n_obs_neighbors": 3,
    "n_reward_neighbors": 1,
    "grid_x": 5,
    "grid_y": 5,
    "ddl": 2,
    "max_episodes": 50
  }
}