{
  "episode_rewards": [
    247.0,
    250.0,
    249.0,
    260.0,
    248.0,
    260.0,
    239.0,
    284.0,
    221.0,
    243.0,
    254.0,
    252.0,
    254.0,
    240.0,
    243.0,
    268.0,
    251.0,
    244.0,
    275.0,
    225.0,
    243.0,
    255.0,
    236.0,
    253.0,
    255.0,
    263.0,
    239.0,
    253.0,
    232.0,
    239.0,
    265.0,
    262.0,
    227.0,
    226.0,
    248.0,
    258.0,
    229.0,
    254.0,
    236.0,
    249.0,
    253.0,
    249.0,
    234.0,
    274.0,
    265.0,
    239.0,
    267.0,
    263.0,
    217.0,
    243.0
  ],
  "episode_lengths": [
    50,
    50,
    50,
    50,
    50,
    50,
    50,
    50,
    50,
    50,
    50,
    50,
    50,
    50,
    50,
    50,
    50,
    50,
    50,
    50,
    50,
    50,
    50,
    50,
    50,
    50,
    50,
    50,
    50,
    50,
    50,
    50,
    50,
    50,
    50,
    50,
    50,
    50,
    50,
    50,
    50,
    50,
    50,
    50,
    50,
    50,
    50,
    50,
    50,
    50
  ],
  "critic_losses": [
    0.0,
    0.0,
    0.0,
    0.0,
    0.0,
    0.0,
    0.0,
    0.0,
    0.0,
    0.0,
    0.0,
    0.0,
    0.0,
    0.0,
    0.0,
    0.0,
    0.0,
    0.0,
    0.0,
    0.0,
    0.15905506066083908,
    0.12060680945515632,
    0.10414528503119945,
    0.09107810064554214,
    0.08063607613146305,
    0.07538844165802001,
    0.07135721671581269,
    0.06971567074656486,
    0.06970968048274517,
    0.07239634544551372,
    0.07508941285908222,
    0.07768646911084652,
    0.08103272607326507,
    0.08585778776705265,
    0.09080363853573799,
    0.0965092056274414,
    0.10016541116833687,
    0.10663503494262695,
    0.10870504696667195,
    0.11745727791786194,
    0.12322569989264011,
    0.12400185036063194,
    0.1276757380872965,
    0.13292854828238487,
    0.13660585072934628,
    0.141122820058465,
    0.14552514024674892,
    0.14859593627750872,
    0.15425946743786334,
    0.16328689916729927
  ],
  "actor_losses": [
    0.0,
    0.0,
    0.0,
    0.0,
    0.0,
    0.0,
    0.0,
    0.0,
    0.0,
    0.0,
    0.0,
    0.0,
    0.0,
    0.0,
    0.0,
    0.0,
    0.0,
    0.0,
    0.0,
    0.0,
    -0.24134133291319013,
    -0.4231059873431921,
    -0.5717961017444729,
    -0.6877338973715902,
    -0.7827684121377766,
    -0.8745819572217762,
    -0.9566279725831002,
    -1.0470294722102582,
    -1.1386046537067742,
    -1.227460911628604,
    -1.3230615935087204,
    -1.4141631591796875,
    -1.5062806572198868,
    -1.6015398902893065,
    -1.6973132555007935,
    -1.7989070378303529,
    -1.8958652965068816,
    -1.9940728410720825,
    -2.0897197486400603,
    -2.1845401208877564,
    -2.2760361680984498,
    -2.3680248956680297,
    -2.4613081531524656,
    -2.5559298590660093,
    -2.641870714378357,
    -2.7316171113014223,
    -2.823392632293701,
    -2.916316011238098,
    -3.0031055053710936,
    -3.092301434612274
  ],
  "best_reward": -Infinity,
  "total_time": 293.9326922893524,
  "config": {
    "n_obs_neighbors": 1,
    "n_reward_neighbors": 1,
    "grid_x": 5,
    "grid_y": 5,
    "ddl": 2,
    "max_episodes": 50,
    "seed": 6000
  }
}