{
  "episode_rewards": [
    257.0,
    238.0,
    229.0,
    224.0,
    251.0,
    246.0,
    263.0,
    239.0,
    250.0,
    256.0,
    221.0,
    254.0,
    257.0,
    257.0,
    239.0,
    246.0,
    244.0,
    243.0,
    234.0,
    251.0,
    255.0,
    260.0,
    261.0,
    254.0,
    234.0,
    263.0,
    257.0,
    235.0,
    225.0,
    245.0,
    234.0,
    286.0,
    246.0,
    253.0,
    231.0,
    270.0,
    248.0,
    257.0,
    240.0,
    244.0,
    248.0,
    255.0,
    250.0,
    264.0,
    263.0,
    208.0,
    237.0,
    244.0,
    228.0,
    236.0
  ],
  "episode_lengths": [
    50,
    50,
    50,
    50,
    50,
    50,
    50,
    50,
    50,
    50,
    50,
    50,
    50,
    50,
    50,
    50,
    50,
    50,
    50,
    50,
    50,
    50,
    50,
    50,
    50,
    50,
    50,
    50,
    50,
    50,
    50,
    50,
    50,
    50,
    50,
    50,
    50,
    50,
    50,
    50,
    50,
    50,
    50,
    50,
    50,
    50,
    50,
    50,
    50,
    50
  ],
  "critic_losses": [
    0.0,
    0.0,
    0.0,
    0.0,
    0.0,
    0.0,
    0.0,
    0.0,
    0.0,
    0.0,
    0.0,
    0.0,
    0.0,
    0.0,
    0.0,
    0.0,
    0.0,
    0.0,
    0.0,
    0.0,
    0.1589345728904009,
    0.12062949864268303,
    0.10281935622692108,
    0.08845434005260468,
    0.0785946106761694,
    0.07161390342861414,
    0.06750230058431625,
    0.06631688586175442,
    0.065835662779212,
    0.06730843908935785,
    0.06875882207900286,
    0.07167986546456814,
    0.07501134908795357,
    0.07754402859508991,
    0.08360553981661796,
    0.08702608453035354,
    0.09080707247853279,
    0.09572371533513069,
    0.10132736560106277,
    0.10516014014184474,
    0.11112560586035251,
    0.11460922056734561,
    0.11983352306485176,
    0.12801834516227245,
    0.12873477818965912,
    0.13623356776237489,
    0.13683035178780556,
    0.14239852113425733,
    0.149324669444561,
    0.15845754574537277
  ],
  "actor_losses": [
    0.0,
    0.0,
    0.0,
    0.0,
    0.0,
    0.0,
    0.0,
    0.0,
    0.0,
    0.0,
    0.0,
    0.0,
    0.0,
    0.0,
    0.0,
    0.0,
    0.0,
    0.0,
    0.0,
    0.0,
    -0.19778509402796626,
    -0.3736773027643561,
    -0.5182669508762657,
    -0.6325928115569055,
    -0.7290968843579292,
    -0.8209268527530134,
    -0.9043362420804799,
    -0.9883125823959709,
    -1.078455663830042,
    -1.1756561723314225,
    -1.2701055159062147,
    -1.365723304247856,
    -1.4578063967943191,
    -1.5497284419775008,
    -1.6470666693925857,
    -1.7453020781993867,
    -1.8384443468093872,
    -1.934530858230591,
    -2.0373053708553313,
    -2.1334205135822297,
    -2.2291744463443757,
    -2.3248816100120546,
    -2.426491812133789,
    -2.517584481048584,
    -2.620229792404175,
    -2.713856989097595,
    -2.810767563533783,
    -2.9071190906524658,
    -3.004702777385712,
    -3.092664385032654
  ],
  "best_reward": -Infinity,
  "total_time": 288.8862588405609,
  "config": {
    "n_obs_neighbors": 1,
    "n_reward_neighbors": 1,
    "grid_x": 5,
    "grid_y": 5,
    "ddl": 2,
    "max_episodes": 50,
    "seed": 789
  }
}