{
  "episode_rewards": [
    250.0,
    221.0,
    253.0,
    260.0,
    234.0,
    269.0,
    225.0,
    233.0,
    231.0,
    247.0,
    235.0,
    242.0,
    269.0,
    227.0,
    249.0,
    240.0,
    260.0,
    231.0,
    245.0,
    256.0,
    203.0,
    237.0,
    243.0,
    260.0,
    247.0,
    263.0,
    245.0,
    232.0,
    265.0,
    277.0,
    255.0,
    260.0,
    280.0,
    248.0,
    249.0,
    236.0,
    250.0,
    247.0,
    227.0,
    266.0,
    249.0,
    236.0,
    261.0,
    254.0,
    239.0,
    236.0,
    248.0,
    259.0,
    255.0,
    269.0
  ],
  "episode_lengths": [
    50,
    50,
    50,
    50,
    50,
    50,
    50,
    50,
    50,
    50,
    50,
    50,
    50,
    50,
    50,
    50,
    50,
    50,
    50,
    50,
    50,
    50,
    50,
    50,
    50,
    50,
    50,
    50,
    50,
    50,
    50,
    50,
    50,
    50,
    50,
    50,
    50,
    50,
    50,
    50,
    50,
    50,
    50,
    50,
    50,
    50,
    50,
    50,
    50,
    50
  ],
  "critic_losses": [
    0.0,
    0.0,
    0.0,
    0.0,
    0.0,
    0.0,
    0.0,
    0.0,
    0.0,
    0.0,
    0.0,
    0.0,
    0.0,
    0.0,
    0.0,
    0.0,
    0.0,
    0.0,
    0.0,
    0.0,
    0.05750660942196846,
    0.03206791754812002,
    0.023969250739365816,
    0.01866646011546254,
    0.014533828090131283,
    0.011206110125221313,
    0.009612845254316925,
    0.008851479723677039,
    0.00781681848578155,
    0.00743988337572664,
    0.007872435752302408,
    0.00900042787771672,
    0.008672327331267297,
    0.009486550235375762,
    0.01032016506884247,
    0.010905773078650236,
    0.011515225133672357,
    0.011082629783079029,
    0.011785312050022185,
    0.011438398158177734,
    0.012339536033943296,
    0.012590283497795462,
    0.013987784041836858,
    0.013148449978977442,
    0.01344351408071816,
    0.014171747245267034,
    0.01385393553301692,
    0.013820790599659086,
    0.01376749400831759,
    0.01457988474778831
  ],
  "actor_losses": [
    0.0,
    0.0,
    0.0,
    0.0,
    0.0,
    0.0,
    0.0,
    0.0,
    0.0,
    0.0,
    0.0,
    0.0,
    0.0,
    0.0,
    0.0,
    0.0,
    0.0,
    0.0,
    0.0,
    0.0,
    -0.3272522134207189,
    -0.4112055409092456,
    -0.4969618077900261,
    -0.5728811444669962,
    -0.6381448067903519,
    -0.6940012780964374,
    -0.7499517809327692,
    -0.808080107364431,
    -0.8702978689014912,
    -0.9316893580753356,
    -0.9960367524698377,
    -1.06142822804451,
    -1.1262062245666982,
    -1.1869501243829728,
    -1.2438671514749526,
    -1.3055869195461274,
    -1.3688159558057784,
    -1.4264075061559678,
    -1.489028587436676,
    -1.5519071691513062,
    -1.6119326278209687,
    -1.6707424335002898,
    -1.7307427435874938,
    -1.790243279504776,
    -1.8466222618579864,
    -1.907174360370636,
    -1.959951744747162,
    -2.0163712822914124,
    -2.071635187244415,
    -2.1280758896827696
  ],
  "best_reward": -Infinity,
  "total_time": 358.3211998939514,
  "config": {
    "n_obs_neighbors": 1,
    "n_reward_neighbors": 1,
    "grid_x": 5,
    "grid_y": 5,
    "ddl": 2,
    "max_episodes": 50,
    "seed": 3000
  }
}