{
  "episode_rewards": [
    261.0,
    238.0,
    258.0,
    237.0,
    244.0,
    242.0,
    252.0,
    232.0,
    234.0,
    251.0,
    243.0,
    232.0,
    256.0,
    269.0,
    229.0,
    263.0,
    233.0,
    250.0,
    245.0,
    253.0,
    275.0,
    266.0,
    241.0,
    234.0,
    260.0,
    242.0,
    228.0,
    239.0,
    239.0,
    254.0,
    222.0,
    258.0,
    246.0,
    257.0,
    242.0,
    262.0,
    263.0,
    224.0,
    243.0,
    260.0,
    254.0,
    256.0,
    260.0,
    266.0,
    262.0,
    244.0,
    219.0,
    268.0,
    222.0,
    232.0
  ],
  "episode_lengths": [
    50,
    50,
    50,
    50,
    50,
    50,
    50,
    50,
    50,
    50,
    50,
    50,
    50,
    50,
    50,
    50,
    50,
    50,
    50,
    50,
    50,
    50,
    50,
    50,
    50,
    50,
    50,
    50,
    50,
    50,
    50,
    50,
    50,
    50,
    50,
    50,
    50,
    50,
    50,
    50,
    50,
    50,
    50,
    50,
    50,
    50,
    50,
    50,
    50,
    50
  ],
  "critic_losses": [
    0.0,
    0.0,
    0.0,
    0.0,
    0.0,
    0.0,
    0.0,
    0.0,
    0.0,
    0.0,
    0.0,
    0.0,
    0.0,
    0.0,
    0.0,
    0.0,
    0.0,
    0.0,
    0.0,
    0.0,
    0.0622375038266182,
    0.03566287624314427,
    0.029300889491289853,
    0.022897399500757455,
    0.016715021557360887,
    0.012943170869164168,
    0.010451579784415662,
    0.009522512039355934,
    0.008753588467370718,
    0.008773279212415218,
    0.009224288724921644,
    0.009287084651365875,
    0.009700290358439088,
    0.010920634007640182,
    0.010504881493374705,
    0.010105966709554196,
    0.010216879616305232,
    0.01089226085897535,
    0.0116638797538355,
    0.01224113774523139,
    0.011712461012415588,
    0.011866807565651834,
    0.01199349247403443,
    0.011988178531825542,
    0.011458247089758516,
    0.013506501853093504,
    0.013680020853877067,
    0.013481756448373199,
    0.01426997636295855,
    0.014673437359556556
  ],
  "actor_losses": [
    0.0,
    0.0,
    0.0,
    0.0,
    0.0,
    0.0,
    0.0,
    0.0,
    0.0,
    0.0,
    0.0,
    0.0,
    0.0,
    0.0,
    0.0,
    0.0,
    0.0,
    0.0,
    0.0,
    0.0,
    -0.4405889931678772,
    -0.5117084536612034,
    -0.602697234698385,
    -0.6820384458124638,
    -0.7424801049649715,
    -0.8030302034035325,
    -0.8632033473037183,
    -0.9179531095899641,
    -0.9729460267685354,
    -1.0325016752272844,
    -1.0938170864343644,
    -1.1524100401103496,
    -1.2127903283011168,
    -1.274948270747438,
    -1.3342634448438884,
    -1.395594760876894,
    -1.4604301077365875,
    -1.5203787505626678,
    -1.5785854103326797,
    -1.6374538542747497,
    -1.6932905187368392,
    -1.7500897978782655,
    -1.8040888817310334,
    -1.8562368760585786,
    -1.908682436800003,
    -1.9586941663742066,
    -2.013454779338837,
    -2.0636769710063936,
    -2.1122067319869995,
    -2.1577878833770754
  ],
  "best_reward": -Infinity,
  "total_time": 351.99843668937683,
  "config": {
    "n_obs_neighbors": 1,
    "n_reward_neighbors": 1,
    "grid_x": 5,
    "grid_y": 5,
    "ddl": 2,
    "max_episodes": 50,
    "seed": 789
  }
}