{
  "n_seeds": 5,
  "valid_seeds": [
    42,
    123,
    456,
    789,
    1000
  ],
  "n_episodes": 50,
  "final_mean_reward": 250.6,
  "final_std_reward": 8.8,
  "max_mean_reward": 259.6,
  "mean_rewards": [
    250.6,
    236.8,
    244.6,
    236.6,
    254.8,
    247.4,
    243.2,
    247.0,
    248.0,
    246.8,
    241.8,
    254.2,
    242.6,
    246.4,
    244.8,
    244.2,
    246.6,
    242.4,
    243.8,
    248.6,
    259.6,
    254.0,
    253.6,
    254.6,
    242.2,
    255.4,
    247.4,
    240.6,
    244.4,
    239.4,
    244.8,
    258.2,
    243.2,
    244.2,
    247.2,
    245.0,
    246.0,
    247.0,
    246.2,
    250.2,
    240.2,
    254.0,
    256.4,
    253.6,
    250.6,
    234.2,
    243.4,
    255.0,
    235.4,
    250.6
  ],
  "std_rewards": [
    11.825396399275585,
    7.332121111929345,
    15.081114017207083,
    10.326664514740468,
    10.998181667894016,
    9.112628599915615,
    11.88949115816148,
    16.260381299342274,
    5.830951894845301,
    11.303096920755832,
    13.67333170810977,
    8.97552226892675,
    11.603447763488228,
    7.578918128598567,
    15.6,
    6.675327707311454,
    12.338557452149745,
    2.6532998322843198,
    17.54308980767071,
    7.605261336732618,
    8.42852300228219,
    7.37563556583431,
    5.678027826631356,
    5.71314274283428,
    14.606847709208171,
    4.8,
    6.151422599691879,
    13.184839779079608,
    10.892199043352083,
    12.289833196589774,
    7.138627319029898,
    17.85945127936466,
    17.758378304338493,
    10.759182125050213,
    10.007996802557443,
    15.786069808536892,
    6.957010852370434,
    6.099180272790763,
    12.4,
    7.0823724838503095,
    15.816447135814036,
    8.48528137423857,
    4.8,
    9.971960689854328,
    12.563439019631527,
    13.746272221951665,
    16.5843299533023,
    8.763560920082657,
    10.05186549850325,
    8.8
  ]
}