{
  "episode_rewards": [
    247.0,
    238.0,
    257.0,
    254.0,
    230.0,
    249.0,
    242.0,
    238.0,
    213.0,
    261.0,
    229.0,
    259.0,
    250.0,
    259.0,
    274.0,
    261.0,
    272.0,
    247.0,
    259.0,
    254.0,
    239.0,
    267.0,
    265.0,
    253.0,
    248.0,
    249.0,
    270.0,
    267.0,
    247.0,
    264.0,
    238.0,
    249.0,
    246.0,
    261.0,
    243.0,
    245.0,
    278.0,
    251.0,
    256.0,
    255.0,
    255.0,
    231.0,
    260.0,
    279.0,
    214.0,
    266.0,
    235.0,
    270.0,
    258.0,
    238.0
  ],
  "episode_lengths": [
    50,
    50,
    50,
    50,
    50,
    50,
    50,
    50,
    50,
    50,
    50,
    50,
    50,
    50,
    50,
    50,
    50,
    50,
    50,
    50,
    50,
    50,
    50,
    50,
    50,
    50,
    50,
    50,
    50,
    50,
    50,
    50,
    50,
    50,
    50,
    50,
    50,
    50,
    50,
    50,
    50,
    50,
    50,
    50,
    50,
    50,
    50,
    50,
    50,
    50
  ],
  "critic_losses": [
    0.0,
    0.0,
    0.0,
    0.0,
    0.0,
    0.0,
    0.0,
    0.0,
    0.0,
    0.0,
    0.0,
    0.0,
    0.0,
    0.0,
    0.0,
    0.0,
    0.0,
    0.0,
    0.0,
    0.0,
    0.058568750554323194,
    0.03391734528169036,
    0.025729420717060567,
    0.020311452249437572,
    0.015741360928863288,
    0.012237675063870848,
    0.009641383482515812,
    0.007936493416689337,
    0.007279976493306458,
    0.006989749834686518,
    0.007174634676706046,
    0.008115960858576,
    0.008362698798254133,
    0.009229732915572822,
    0.009658412352204323,
    0.0101379409622401,
    0.01032675648573786,
    0.010384097663499415,
    0.010397388881444931,
    0.010991785272024572,
    0.01109009803365916,
    0.011603947716392577,
    0.012154492818005383,
    0.011967231136932968,
    0.011977096055448055,
    0.01199771989453584,
    0.013481978406757116,
    0.013680755040422082,
    0.013201957957446575,
    0.014294101731106639
  ],
  "actor_losses": [
    0.0,
    0.0,
    0.0,
    0.0,
    0.0,
    0.0,
    0.0,
    0.0,
    0.0,
    0.0,
    0.0,
    0.0,
    0.0,
    0.0,
    0.0,
    0.0,
    0.0,
    0.0,
    0.0,
    0.0,
    -0.3357641636364162,
    -0.42724494585469364,
    -0.5073089706812054,
    -0.5775693621303886,
    -0.6487752989426255,
    -0.7125153454817832,
    -0.7755308096118272,
    -0.8374424588561058,
    -0.8990212426781654,
    -0.960693284664303,
    -1.02458515134193,
    -1.0860415105216206,
    -1.1473547259658574,
    -1.2147092125430703,
    -1.2767227853298186,
    -1.3394968675136567,
    -1.4035027302026748,
    -1.462117736518383,
    -1.524175081062317,
    -1.579630609703064,
    -1.637773841571808,
    -1.6936204576969147,
    -1.7556276136398314,
    -1.8098851837158203,
    -1.8621416844367982,
    -1.9206750143051148,
    -1.9749352464675902,
    -2.032032450962067,
    -2.0876830941677094,
    -2.139630676937103
  ],
  "best_reward": -Infinity,
  "total_time": 348.6046299934387,
  "config": {
    "n_obs_neighbors": 1,
    "n_reward_neighbors": 1,
    "grid_x": 5,
    "grid_y": 5,
    "ddl": 2,
    "max_episodes": 50,
    "seed": 42
  }
}