{
  "episode_rewards": [
    285.0,
    241.0,
    262.0,
    272.0,
    227.0,
    240.0,
    259.0,
    249.0,
    248.0,
    260.0,
    248.0,
    242.0,
    293.0,
    241.0,
    251.0,
    267.0,
    261.0,
    237.0,
    258.0,
    259.0,
    239.0,
    256.0,
    233.0,
    234.0,
    250.0,
    240.0,
    239.0,
    278.0,
    230.0,
    243.0,
    244.0,
    266.0,
    256.0,
    244.0,
    231.0,
    253.0,
    240.0,
    261.0,
    272.0,
    261.0,
    279.0,
    249.0,
    243.0,
    255.0,
    242.0,
    230.0,
    246.0,
    272.0,
    236.0,
    258.0
  ],
  "episode_lengths": [
    50,
    50,
    50,
    50,
    50,
    50,
    50,
    50,
    50,
    50,
    50,
    50,
    50,
    50,
    50,
    50,
    50,
    50,
    50,
    50,
    50,
    50,
    50,
    50,
    50,
    50,
    50,
    50,
    50,
    50,
    50,
    50,
    50,
    50,
    50,
    50,
    50,
    50,
    50,
    50,
    50,
    50,
    50,
    50,
    50,
    50,
    50,
    50,
    50,
    50
  ],
  "critic_losses": [
    0.0,
    0.0,
    0.0,
    0.0,
    0.0,
    0.0,
    0.0,
    0.0,
    0.0,
    0.0,
    0.0,
    0.0,
    0.0,
    0.0,
    0.0,
    0.0,
    0.0,
    0.0,
    0.0,
    0.0,
    0.1617841192111373,
    0.1150647988587618,
    0.10062230532169342,
    0.08914421764165163,
    0.08022369490414857,
    0.07493459622561932,
    0.06898405321761966,
    0.06856841850504279,
    0.06927265392690897,
    0.07038856597319246,
    0.07073198789283633,
    0.07381844760030508,
    0.07789847101643682,
    0.07990046826899051,
    0.08320823313519358,
    0.0872494544006884,
    0.09026755792200565,
    0.09361830327063798,
    0.09967605120688677,
    0.10448628915697336,
    0.1075018388569355,
    0.11610926426053048,
    0.1105672034561634,
    0.12267552847713233,
    0.1333986138418317,
    0.131808119636029,
    0.14134133490025996,
    0.14267882484719158,
    0.1436835027500987,
    0.15008610249757767
  ],
  "actor_losses": [
    0.0,
    0.0,
    0.0,
    0.0,
    0.0,
    0.0,
    0.0,
    0.0,
    0.0,
    0.0,
    0.0,
    0.0,
    0.0,
    0.0,
    0.0,
    0.0,
    0.0,
    0.0,
    0.0,
    0.0,
    -0.6507284068049863,
    -0.8676222321556881,
    -1.012183973482251,
    -1.132389210248366,
    -1.2394875790953637,
    -1.3436609568834306,
    -1.4494107742071152,
    -1.5521378583431245,
    -1.6560644460201264,
    -1.7629815689086914,
    -1.8654213263511659,
    -1.9676667395591736,
    -2.0706311985969545,
    -2.1750465376853945,
    -2.278899597072601,
    -2.378660936832428,
    -2.486377192401886,
    -2.585258692264557,
    -2.6832791907310485,
    -2.782427905368805,
    -2.88352721824646,
    -2.976195050525665,
    -3.0792095975875853,
    -3.168918118095398,
    -3.261636414718628,
    -3.3569556070327757,
    -3.4437402055740356,
    -3.5311489469528197,
    -3.628269946670532,
    -3.716696040916443
  ],
  "best_reward": -Infinity,
  "total_time": 472.5048882961273,
  "config": {
    "n_obs_neighbors": 1,
    "n_reward_neighbors": 1,
    "grid_x": 5,
    "grid_y": 5,
    "ddl": 2,
    "max_episodes": 50,
    "seed": 42
  }
}