{
  "episode_rewards": [
    247.0,
    240.0,
    266.0,
    259.0,
    252.0,
    237.0,
    239.0,
    252.0,
    256.0,
    241.0,
    234.0,
    220.0,
    246.0,
    237.0,
    249.0,
    268.0,
    250.0,
    251.0,
    237.0,
    250.0,
    238.0,
    251.0,
    251.0,
    242.0,
    253.0,
    242.0,
    257.0,
    261.0,
    272.0,
    279.0,
    237.0,
    254.0,
    268.0,
    251.0,
    241.0,
    253.0,
    234.0,
    268.0,
    222.0,
    241.0,
    253.0,
    252.0,
    252.0,
    254.0,
    242.0,
    250.0,
    246.0,
    263.0,
    231.0,
    243.0
  ],
  "episode_lengths": [
    50,
    50,
    50,
    50,
    50,
    50,
    50,
    50,
    50,
    50,
    50,
    50,
    50,
    50,
    50,
    50,
    50,
    50,
    50,
    50,
    50,
    50,
    50,
    50,
    50,
    50,
    50,
    50,
    50,
    50,
    50,
    50,
    50,
    50,
    50,
    50,
    50,
    50,
    50,
    50,
    50,
    50,
    50,
    50,
    50,
    50,
    50,
    50,
    50,
    50
  ],
  "critic_losses": [
    0.0,
    0.0,
    0.0,
    0.0,
    0.0,
    0.0,
    0.0,
    0.0,
    0.0,
    0.0,
    0.0,
    0.0,
    0.0,
    0.0,
    0.0,
    0.0,
    0.0,
    0.0,
    0.0,
    0.0,
    0.16380264564454555,
    0.11444484755396843,
    0.09821079333797098,
    0.08560886166021228,
    0.07735168985277414,
    0.07079684006944299,
    0.06765901801362634,
    0.0655123525813222,
    0.06419986966699362,
    0.0660480775155127,
    0.06680439982265234,
    0.07133792472183705,
    0.07236096271425485,
    0.07750043793842197,
    0.08301403363198041,
    0.08749817181155085,
    0.08549453241750599,
    0.09314340125471353,
    0.09609158649668098,
    0.1012223762102425,
    0.1075490914531052,
    0.11175827281400562,
    0.12014372999072075,
    0.12102379865199328,
    0.1275998743608594,
    0.13270000303536653,
    0.13627077322900294,
    0.1410577753573656,
    0.14598490261882544,
    0.14948216513246299
  ],
  "actor_losses": [
    0.0,
    0.0,
    0.0,
    0.0,
    0.0,
    0.0,
    0.0,
    0.0,
    0.0,
    0.0,
    0.0,
    0.0,
    0.0,
    0.0,
    0.0,
    0.0,
    0.0,
    0.0,
    0.0,
    0.0,
    -0.5366898304086178,
    -0.7475509281262755,
    -0.8920233587142545,
    -1.0125554023642094,
    -1.1201061072284355,
    -1.228942505943775,
    -1.3315950090527535,
    -1.4361717684984208,
    -1.5423815165042878,
    -1.644137952184677,
    -1.7528975563526155,
    -1.8579435583591462,
    -1.9635631200313568,
    -2.0670771593093873,
    -2.167236071014404,
    -2.269663634109497,
    -2.3775777017593382,
    -2.4781365317344664,
    -2.5785626167297364,
    -2.6775433229446413,
    -2.7732350081443786,
    -2.8694893774032595,
    -2.96624562664032,
    -3.063166460609436,
    -3.154453121185303,
    -3.2483610496521,
    -3.342154800415039,
    -3.4308514472961424,
    -3.520202389907837,
    -3.6124512268066407
  ],
  "best_reward": -Infinity,
  "total_time": 381.7453603744507,
  "config": {
    "n_obs_neighbors": 1,
    "n_reward_neighbors": 1,
    "grid_x": 5,
    "grid_y": 5,
    "ddl": 2,
    "max_episodes": 50,
    "seed": 3000
  }
}