{
  "episode_rewards": [
    230.0,
    245.0,
    258.0,
    238.0,
    248.0,
    240.0,
    246.0,
    255.0,
    270.0,
    258.0,
    248.0,
    249.0,
    259.0,
    244.0,
    266.0,
    243.0,
    252.0,
    240.0,
    238.0,
    251.0,
    234.0,
    244.0,
    222.0,
    235.0,
    253.0,
    268.0,
    247.0,
    228.0,
    213.0,
    231.0,
    252.0,
    248.0,
    247.0,
    230.0,
    271.0,
    230.0,
    231.0,
    232.0,
    244.0,
    254.0,
    235.0,
    232.0,
    267.0,
    234.0,
    236.0,
    233.0,
    248.0,
    247.0,
    255.0,
    241.0
  ],
  "episode_lengths": [
    50,
    50,
    50,
    50,
    50,
    50,
    50,
    50,
    50,
    50,
    50,
    50,
    50,
    50,
    50,
    50,
    50,
    50,
    50,
    50,
    50,
    50,
    50,
    50,
    50,
    50,
    50,
    50,
    50,
    50,
    50,
    50,
    50,
    50,
    50,
    50,
    50,
    50,
    50,
    50,
    50,
    50,
    50,
    50,
    50,
    50,
    50,
    50,
    50,
    50
  ],
  "critic_losses": [
    0.0,
    0.0,
    0.0,
    0.0,
    0.0,
    0.0,
    0.0,
    0.0,
    0.0,
    0.0,
    0.0,
    0.0,
    0.0,
    0.0,
    0.0,
    0.0,
    0.0,
    0.0,
    0.0,
    0.0,
    0.056510155826807025,
    0.03300192705690861,
    0.025646503495424987,
    0.01883492813780904,
    0.013455822829343378,
    0.01042148017399013,
    0.008238218828104436,
    0.007304136776551604,
    0.006953050680272281,
    0.007416228314582258,
    0.008791973408591003,
    0.008521254262700676,
    0.008616809244081378,
    0.008943575533293188,
    0.008757760572060942,
    0.009856591961719096,
    0.01001186530906707,
    0.010332742884196342,
    0.010651772120967507,
    0.010632771849632263,
    0.011196913082897664,
    0.011346077920310199,
    0.012049048453941941,
    0.012422798411175608,
    0.012554687190428376,
    0.01283442724570632,
    0.013619080199301243,
    0.013614581878110767,
    0.013562391944602133,
    0.01531653993986547
  ],
  "actor_losses": [
    0.0,
    0.0,
    0.0,
    0.0,
    0.0,
    0.0,
    0.0,
    0.0,
    0.0,
    0.0,
    0.0,
    0.0,
    0.0,
    0.0,
    0.0,
    0.0,
    0.0,
    0.0,
    0.0,
    0.0,
    -0.17675462465435265,
    -0.25938393917754293,
    -0.3356689719863236,
    -0.40104066747948525,
    -0.4563576320655644,
    -0.5171978002212941,
    -0.57968848179169,
    -0.6392826853338629,
    -0.6981475040916354,
    -0.7586761889785528,
    -0.8199139261603355,
    -0.8809370516240597,
    -0.943295904036425,
    -1.0065408503234385,
    -1.0680855383761227,
    -1.1281055726587772,
    -1.188439478302002,
    -1.2472956111073494,
    -1.3050896379351615,
    -1.3662638981103896,
    -1.424188569498062,
    -1.4796210616111756,
    -1.536926682472229,
    -1.593516202712059,
    -1.643756643009186,
    -1.7057414584159851,
    -1.7661980525016785,
    -1.8221958362579345,
    -1.8823382333278655,
    -1.9357471030235291
  ],
  "best_reward": -Infinity,
  "total_time": 357.1245231628418,
  "config": {
    "n_obs_neighbors": 1,
    "n_reward_neighbors": 1,
    "grid_x": 5,
    "grid_y": 5,
    "ddl": 2,
    "max_episodes": 50,
    "seed": 4000
  }
}