{
  "episode_rewards": [
    246.0,
    259.0,
    249.0,
    223.0,
    254.0,
    254.0,
    254.0,
    259.0,
    246.0,
    247.0,
    236.0,
    249.0,
    244.0,
    244.0,
    241.0,
    239.0,
    250.0,
    242.0,
    241.0,
    236.0,
    233.0,
    236.0,
    225.0,
    239.0,
    240.0,
    266.0,
    235.0,
    246.0,
    237.0,
    258.0,
    259.0,
    275.0,
    233.0,
    244.0,
    256.0,
    251.0,
    251.0,
    232.0,
    265.0,
    228.0,
    262.0,
    246.0,
    230.0,
    257.0,
    272.0,
    256.0,
    243.0,
    241.0,
    261.0,
    258.0
  ],
  "episode_lengths": [
    50,
    50,
    50,
    50,
    50,
    50,
    50,
    50,
    50,
    50,
    50,
    50,
    50,
    50,
    50,
    50,
    50,
    50,
    50,
    50,
    50,
    50,
    50,
    50,
    50,
    50,
    50,
    50,
    50,
    50,
    50,
    50,
    50,
    50,
    50,
    50,
    50,
    50,
    50,
    50,
    50,
    50,
    50,
    50,
    50,
    50,
    50,
    50,
    50,
    50
  ],
  "critic_losses": [
    0.0,
    0.0,
    0.0,
    0.0,
    0.0,
    0.0,
    0.0,
    0.0,
    0.0,
    0.0,
    0.0,
    0.0,
    0.0,
    0.0,
    0.0,
    0.0,
    0.0,
    0.0,
    0.0,
    0.0,
    0.057327676928043365,
    0.032222061352431774,
    0.025194491074234247,
    0.01908660705536604,
    0.014201626479253172,
    0.01164465230628848,
    0.009542501199804246,
    0.008381512687914074,
    0.00788212718460709,
    0.00786629966814071,
    0.008090562374331057,
    0.008429179982654751,
    0.009074328886531294,
    0.009231919807754457,
    0.009906884091347455,
    0.010398164125718177,
    0.010368994392640888,
    0.010698280169442296,
    0.01098346366919577,
    0.011876242481544614,
    0.01147503864262253,
    0.011696176364086569,
    0.013274157359078527,
    0.012430528271757066,
    0.012452943181619049,
    0.01331725425068289,
    0.012946610281988978,
    0.013406139570474625,
    0.014186094108968973,
    0.014438253204151989
  ],
  "actor_losses": [
    0.0,
    0.0,
    0.0,
    0.0,
    0.0,
    0.0,
    0.0,
    0.0,
    0.0,
    0.0,
    0.0,
    0.0,
    0.0,
    0.0,
    0.0,
    0.0,
    0.0,
    0.0,
    0.0,
    0.0,
    -0.10857099271938205,
    -0.21166288638338446,
    -0.29576476262807844,
    -0.372501637802273,
    -0.43868350386545063,
    -0.5021556865021587,
    -0.5656859170734883,
    -0.6335954264163971,
    -0.7007603359937667,
    -0.7655927986308932,
    -0.8278014745421708,
    -0.8918083212438971,
    -0.9522274108510465,
    -1.0154816584527493,
    -1.0766542080827057,
    -1.1381000737499445,
    -1.1989079553328454,
    -1.2607161090195178,
    -1.3209881392598153,
    -1.3813764776349067,
    -1.4418607454538346,
    -1.5054948950767517,
    -1.5655266755342483,
    -1.6308271083593369,
    -1.688336499786377,
    -1.7507636703968048,
    -1.810546177816391,
    -1.8665000854969025,
    -1.925566852760315,
    -1.9779262577533723
  ],
  "best_reward": -Infinity,
  "total_time": 307.51902079582214,
  "config": {
    "n_obs_neighbors": 1,
    "n_reward_neighbors": 1,
    "grid_x": 5,
    "grid_y": 5,
    "ddl": 2,
    "max_episodes": 50,
    "seed": 6000
  }
}