{
  "episode_rewards": [
    258.0,
    265.0,
    233.0,
    240.0,
    226.0,
    225.0,
    220.0,
    243.0,
    231.0,
    254.0,
    244.0,
    273.0,
    248.0,
    223.0,
    257.0,
    235.0,
    248.0,
    248.0,
    234.0,
    240.0,
    268.0,
    247.0,
    239.0,
    257.0,
    244.0,
    284.0,
    240.0,
    237.0,
    276.0,
    255.0,
    251.0,
    265.0,
    238.0,
    244.0,
    240.0,
    272.0,
    245.0,
    261.0,
    230.0,
    248.0,
    258.0,
    256.0,
    260.0,
    228.0,
    243.0,
    254.0,
    245.0,
    258.0,
    267.0,
    270.0
  ],
  "episode_lengths": [
    50,
    50,
    50,
    50,
    50,
    50,
    50,
    50,
    50,
    50,
    50,
    50,
    50,
    50,
    50,
    50,
    50,
    50,
    50,
    50,
    50,
    50,
    50,
    50,
    50,
    50,
    50,
    50,
    50,
    50,
    50,
    50,
    50,
    50,
    50,
    50,
    50,
    50,
    50,
    50,
    50,
    50,
    50,
    50,
    50,
    50,
    50,
    50,
    50,
    50
  ],
  "critic_losses": [
    0.0,
    0.0,
    0.0,
    0.0,
    0.0,
    0.0,
    0.0,
    0.0,
    0.0,
    0.0,
    0.0,
    0.0,
    0.0,
    0.0,
    0.0,
    0.0,
    0.0,
    0.0,
    0.0,
    0.0,
    0.06157875879406929,
    0.03549577056393027,
    0.028857849914580583,
    0.022319504508376123,
    0.016448977774754167,
    0.01259803838916123,
    0.010835795465111733,
    0.00915602265559137,
    0.008827242054603994,
    0.009416173279471696,
    0.009301614846289158,
    0.009461963189020752,
    0.009518766901642084,
    0.010313679306209087,
    0.010053808638453484,
    0.010647507382929326,
    0.010291492790728808,
    0.01057456338685006,
    0.011729024358280002,
    0.011472970822267234,
    0.012203626427985727,
    0.01138766973465681,
    0.0125483704386279,
    0.011986405428498983,
    0.012352695284225047,
    0.011914647432230413,
    0.01370951971039176,
    0.014166884072124958,
    0.014690441653877498,
    0.016011236346140503
  ],
  "actor_losses": [
    0.0,
    0.0,
    0.0,
    0.0,
    0.0,
    0.0,
    0.0,
    0.0,
    0.0,
    0.0,
    0.0,
    0.0,
    0.0,
    0.0,
    0.0,
    0.0,
    0.0,
    0.0,
    0.0,
    0.0,
    -0.2976861561514437,
    -0.38123062538057567,
    -0.45213119289726017,
    -0.5066577359206974,
    -0.5581941531769932,
    -0.6135465810857713,
    -0.6691944459766149,
    -0.7288356699854136,
    -0.7908942333053798,
    -0.8541665924943983,
    -0.913747580408305,
    -0.9721415007650852,
    -1.0323842338681222,
    -1.091384534561634,
    -1.1507101972460747,
    -1.2052515413224698,
    -1.2620272899493574,
    -1.3163653025034816,
    -1.3704998941835016,
    -1.4262522362530232,
    -1.4766264342665671,
    -1.5318849019885064,
    -1.5889139263629912,
    -1.6399470712184907,
    -1.6938050053596496,
    -1.7470541138172149,
    -1.7980775818824768,
    -1.851590739440918,
    -1.9034567707538605,
    -1.9564396973133087
  ],
  "best_reward": -Infinity,
  "total_time": 185.67837023735046,
  "config": {
    "n_obs_neighbors": 1,
    "n_reward_neighbors": 1,
    "grid_x": 5,
    "grid_y": 5,
    "ddl": 2,
    "max_episodes": 50
  }
}