{
  "episode_rewards": [
    239.0,
    245.0,
    264.0,
    238.0,
    253.0,
    248.0,
    254.0,
    244.0,
    258.0,
    251.0,
    250.0,
    266.0,
    265.0,
    244.0,
    235.0,
    261.0,
    235.0,
    235.0,
    244.0,
    231.0,
    247.0,
    237.0,
    260.0,
    256.0,
    243.0,
    228.0,
    240.0,
    252.0,
    226.0,
    255.0,
    256.0,
    263.0,
    244.0,
    268.0,
    245.0,
    244.0,
    260.0,
    246.0,
    271.0,
    247.0,
    252.0,
    234.0,
    249.0,
    220.0,
    252.0,
    267.0,
    243.0,
    236.0,
    233.0,
    240.0
  ],
  "episode_lengths": [
    50,
    50,
    50,
    50,
    50,
    50,
    50,
    50,
    50,
    50,
    50,
    50,
    50,
    50,
    50,
    50,
    50,
    50,
    50,
    50,
    50,
    50,
    50,
    50,
    50,
    50,
    50,
    50,
    50,
    50,
    50,
    50,
    50,
    50,
    50,
    50,
    50,
    50,
    50,
    50,
    50,
    50,
    50,
    50,
    50,
    50,
    50,
    50,
    50,
    50
  ],
  "critic_losses": [
    0.0,
    0.0,
    0.0,
    0.0,
    0.0,
    0.0,
    0.0,
    0.0,
    0.0,
    0.0,
    0.0,
    0.0,
    0.0,
    0.0,
    0.0,
    0.0,
    0.0,
    0.0,
    0.0,
    0.0,
    0.17653345945477486,
    0.11451739974021911,
    0.0983986181780696,
    0.0850625549674034,
    0.0751284492239356,
    0.06995411478579044,
    0.06480136545598507,
    0.06326245688870549,
    0.06299354374334216,
    0.06361667989641429,
    0.06476477763950825,
    0.06690874798893928,
    0.0682334841735661,
    0.07161314216926694,
    0.07492270488962531,
    0.07943386569321155,
    0.0828465803258121,
    0.08787222124114633,
    0.09236746710389852,
    0.09291056930422784,
    0.10351269054934382,
    0.10674104195088148,
    0.11137779328376055,
    0.11416887490451336,
    0.1259098212018609,
    0.1268688208088279,
    0.1300811377927661,
    0.13982874216288327,
    0.13239879802763463,
    0.14943853467851878
  ],
  "actor_losses": [
    0.0,
    0.0,
    0.0,
    0.0,
    0.0,
    0.0,
    0.0,
    0.0,
    0.0,
    0.0,
    0.0,
    0.0,
    0.0,
    0.0,
    0.0,
    0.0,
    0.0,
    0.0,
    0.0,
    0.0,
    -0.2859137880647555,
    -0.5075560821675695,
    -0.6590560509838164,
    -0.7821463161788881,
    -0.9017092246804387,
    -1.01038671066761,
    -1.1210376637816428,
    -1.2310102034449577,
    -1.339171127820015,
    -1.4459130996227265,
    -1.5535504435062408,
    -1.6607684460163117,
    -1.770524082183838,
    -1.877617661523819,
    -1.9867019439220428,
    -2.0893497909545897,
    -2.199187394809723,
    -2.3050528428077697,
    -2.407468844127655,
    -2.518836874675751,
    -2.6153607420921325,
    -2.7159858207702636,
    -2.8185983637809753,
    -2.9132688695907594,
    -3.006368140888214,
    -3.1060691833496095,
    -3.198526585960388,
    -3.292055446624756,
    -3.390921803283691,
    -3.4760934679031372
  ],
  "best_reward": -Infinity,
  "total_time": 286.3865246772766,
  "config": {
    "n_obs_neighbors": 1,
    "n_reward_neighbors": 1,
    "grid_x": 5,
    "grid_y": 5,
    "ddl": 2,
    "max_episodes": 50,
    "seed": 4000
  }
}