{
  "episode_rewards": [
    260.0,
    240.0,
    267.0,
    264.0,
    248.0,
    259.0,
    260.0,
    263.0,
    245.0,
    246.0,
    234.0,
    232.0,
    246.0,
    252.0,
    243.0,
    245.0,
    247.0,
    238.0,
    238.0,
    259.0,
    234.0,
    276.0,
    245.0,
    246.0,
    243.0,
    253.0,
    256.0,
    274.0,
    250.0,
    227.0,
    268.0,
    245.0,
    250.0,
    251.0,
    236.0,
    273.0,
    263.0,
    226.0,
    243.0,
    232.0,
    269.0,
    247.0,
    250.0,
    270.0,
    259.0,
    259.0,
    260.0,
    260.0,
    251.0,
    262.0
  ],
  "episode_lengths": [
    50,
    50,
    50,
    50,
    50,
    50,
    50,
    50,
    50,
    50,
    50,
    50,
    50,
    50,
    50,
    50,
    50,
    50,
    50,
    50,
    50,
    50,
    50,
    50,
    50,
    50,
    50,
    50,
    50,
    50,
    50,
    50,
    50,
    50,
    50,
    50,
    50,
    50,
    50,
    50,
    50,
    50,
    50,
    50,
    50,
    50,
    50,
    50,
    50,
    50
  ],
  "critic_losses": [
    0.0,
    0.0,
    0.0,
    0.0,
    0.0,
    0.0,
    0.0,
    0.0,
    0.0,
    0.0,
    0.0,
    0.0,
    0.0,
    0.0,
    0.0,
    0.0,
    0.0,
    0.0,
    0.0,
    0.0,
    0.06013080340623855,
    0.0329107909694314,
    0.025653135427832603,
    0.019831898552924394,
    0.015420232100784779,
    0.011844792540743948,
    0.009716908973455429,
    0.00863827211316675,
    0.008138096976466476,
    0.007920982353202998,
    0.00803351737819612,
    0.008379637480713426,
    0.00920797006431967,
    0.008831414324790239,
    0.010953491311706602,
    0.01037087024655193,
    0.010865966674126685,
    0.01100801011621952,
    0.010982314186915755,
    0.01122634120490402,
    0.011870398921892046,
    0.011585307375155389,
    0.012412005557492375,
    0.01338677712753415,
    0.013834039957076312,
    0.013734346909821034,
    0.01403460443764925,
    0.013062954356521368,
    0.014553389144875108,
    0.014092570532113314
  ],
  "actor_losses": [
    0.0,
    0.0,
    0.0,
    0.0,
    0.0,
    0.0,
    0.0,
    0.0,
    0.0,
    0.0,
    0.0,
    0.0,
    0.0,
    0.0,
    0.0,
    0.0,
    0.0,
    0.0,
    0.0,
    0.0,
    -0.17365106516107917,
    -0.2899823275141418,
    -0.37859769850596786,
    -0.45541998482868074,
    -0.520053027485311,
    -0.5874802451513708,
    -0.6545332635715604,
    -0.7118793988212944,
    -0.7721233605705201,
    -0.835045922095701,
    -0.8994246635146439,
    -0.9635950771864503,
    -1.0262390250567346,
    -1.0920619355797767,
    -1.1564247867286206,
    -1.2209874232530593,
    -1.285568386363983,
    -1.3470598706722259,
    -1.4074119581460953,
    -1.466846406698227,
    -1.5276548460006714,
    -1.5860876768112182,
    -1.6450466397285461,
    -1.701166235637665,
    -1.7588169083595275,
    -1.816832932662964,
    -1.8724469295978545,
    -1.9295408722877503,
    -1.9869462206840516,
    -2.041087463569641
  ],
  "best_reward": -Infinity,
  "total_time": 354.50106620788574,
  "config": {
    "n_obs_neighbors": 1,
    "n_reward_neighbors": 1,
    "grid_x": 5,
    "grid_y": 5,
    "ddl": 2,
    "max_episodes": 50,
    "seed": 1000
  }
}