{
  "episode_rewards": [
    237.0,
    230.0,
    259.0,
    250.0,
    275.0,
    257.0,
    247.0,
    273.0,
    246.0,
    234.0,
    231.0,
    261.0,
    228.0,
    243.0,
    264.0,
    255.0,
    260.0,
    241.0,
    271.0,
    242.0,
    261.0,
    248.0,
    248.0,
    245.0,
    263.0,
    249.0,
    243.0,
    244.0,
    235.0,
    225.0,
    231.0,
    253.0,
    266.0,
    250.0,
    242.0,
    242.0,
    245.0,
    241.0,
    256.0,
    234.0,
    225.0,
    247.0,
    262.0,
    237.0,
    256.0,
    250.0,
    257.0,
    254.0,
    244.0,
    242.0
  ],
  "episode_lengths": [
    50,
    50,
    50,
    50,
    50,
    50,
    50,
    50,
    50,
    50,
    50,
    50,
    50,
    50,
    50,
    50,
    50,
    50,
    50,
    50,
    50,
    50,
    50,
    50,
    50,
    50,
    50,
    50,
    50,
    50,
    50,
    50,
    50,
    50,
    50,
    50,
    50,
    50,
    50,
    50,
    50,
    50,
    50,
    50,
    50,
    50,
    50,
    50,
    50,
    50
  ],
  "critic_losses": [
    0.0,
    0.0,
    0.0,
    0.0,
    0.0,
    0.0,
    0.0,
    0.0,
    0.0,
    0.0,
    0.0,
    0.0,
    0.0,
    0.0,
    0.0,
    0.0,
    0.0,
    0.0,
    0.0,
    0.0,
    11.08754852771759,
    4.371650214195252,
    4.8885083627700805,
    5.446840124130249,
    6.526417465209961,
    6.712807717323304,
    6.8897911548614506,
    7.707686309814453,
    9.308041849136352,
    9.696876134872436,
    11.42639389038086,
    11.737734270095824,
    13.050354652404785,
    13.45772108078003,
    14.056252775192261,
    16.355437049865724,
    16.38756587982178,
    17.114975624084472,
    18.761651878356933,
    18.7970329284668,
    19.84597420692444,
    20.899286041259767,
    22.628787994384766,
    24.289056491851806,
    23.281061668395996,
    23.633807601928712,
    27.239085445404054,
    27.188430042266845,
    25.90692705154419,
    29.003059558868408
  ],
  "actor_losses": [
    0.0,
    0.0,
    0.0,
    0.0,
    0.0,
    0.0,
    0.0,
    0.0,
    0.0,
    0.0,
    0.0,
    0.0,
    0.0,
    0.0,
    0.0,
    0.0,
    0.0,
    0.0,
    0.0,
    0.0,
    -0.3381852847263217,
    -0.42212558468058703,
    -0.4951323288947344,
    -0.5718946912579238,
    -0.6402993867326527,
    -0.6954167526505888,
    -0.7625801519725471,
    -0.8127764246456325,
    -0.8734546853542328,
    -0.9207913066893816,
    -0.9717699693351984,
    -1.0108976220101118,
    -1.059528971529007,
    -1.105160389137268,
    -1.1521676005840302,
    -1.190350192296505,
    -1.2305746183812618,
    -1.2678314377069473,
    -1.300940737796575,
    -1.341056528326869,
    -1.3806297857694327,
    -1.4073942314412444,
    -1.4432688274160028,
    -1.4668677059739827,
    -1.5014107986688614,
    -1.5347442087352277,
    -1.5632587204813957,
    -1.5906324328899384,
    -1.6241305431604385,
    -1.6501482829451561
  ],
  "best_reward": -Infinity,
  "total_time": 234.3188066482544,
  "config": {
    "n_obs_neighbors": 1,
    "n_reward_neighbors": 1,
    "grid_x": 5,
    "grid_y": 5,
    "ddl": 2,
    "max_episodes": 50,
    "seed": 123
  }
}