{
  "episode_rewards": [
    235.0,
    247.0,
    238.0,
    259.0,
    252.0,
    237.0,
    243.0,
    251.0,
    245.0,
    265.0,
    258.0,
    252.0,
    256.0,
    251.0,
    248.0,
    256.0,
    245.0,
    249.0,
    246.0,
    244.0,
    241.0,
    236.0,
    230.0,
    232.0,
    256.0,
    246.0,
    243.0,
    242.0,
    265.0,
    258.0,
    247.0,
    256.0,
    235.0,
    240.0,
    232.0,
    255.0,
    252.0,
    258.0,
    258.0,
    225.0,
    252.0,
    260.0,
    227.0,
    250.0,
    263.0,
    247.0,
    246.0,
    252.0,
    252.0,
    248.0
  ],
  "episode_lengths": [
    50,
    50,
    50,
    50,
    50,
    50,
    50,
    50,
    50,
    50,
    50,
    50,
    50,
    50,
    50,
    50,
    50,
    50,
    50,
    50,
    50,
    50,
    50,
    50,
    50,
    50,
    50,
    50,
    50,
    50,
    50,
    50,
    50,
    50,
    50,
    50,
    50,
    50,
    50,
    50,
    50,
    50,
    50,
    50,
    50,
    50,
    50,
    50,
    50,
    50
  ],
  "critic_losses": [
    0.0,
    0.0,
    0.0,
    0.0,
    0.0,
    0.0,
    0.0,
    0.0,
    0.0,
    0.0,
    0.0,
    0.0,
    0.0,
    0.0,
    0.0,
    0.0,
    0.0,
    0.0,
    0.0,
    0.0,
    0.1711997389227152,
    0.11404235897064209,
    0.09790976161807775,
    0.08525332272648811,
    0.07617265355661511,
    0.0705275188781321,
    0.06647069857567549,
    0.06391930143162608,
    0.06371503042131663,
    0.0646191723845899,
    0.06639605625942349,
    0.068231536603719,
    0.0713036985643208,
    0.07386076849848032,
    0.07691501035541295,
    0.08089689362570643,
    0.0820010614350438,
    0.08952612354308367,
    0.09076116016358138,
    0.10043226857408881,
    0.10401023037806154,
    0.10704880380630494,
    0.11306212207227945,
    0.11613669040203095,
    0.12381746601611376,
    0.12710497926920653,
    0.13147094963341951,
    0.13564033496677874,
    0.1407598049864173,
    0.14924413813054563
  ],
  "actor_losses": [
    0.0,
    0.0,
    0.0,
    0.0,
    0.0,
    0.0,
    0.0,
    0.0,
    0.0,
    0.0,
    0.0,
    0.0,
    0.0,
    0.0,
    0.0,
    0.0,
    0.0,
    0.0,
    0.0,
    0.0,
    -0.2535501986976713,
    -0.4855877817366272,
    -0.6390936168827116,
    -0.7628735057383775,
    -0.876609530210495,
    -0.9859201803922654,
    -1.093904844069481,
    -1.2002370108127594,
    -1.3061140341758728,
    -1.4124052629947663,
    -1.520362490272522,
    -1.6223188687801362,
    -1.7271445304870605,
    -1.8308593544960021,
    -1.9327352158546447,
    -2.040146584033966,
    -2.143684152889252,
    -2.2451164697647097,
    -2.352355413246155,
    -2.448872075176239,
    -2.5454582552909852,
    -2.646405244064331,
    -2.745741745853424,
    -2.8427837726593017,
    -2.9375105657577514,
    -3.031658822059631,
    -3.1262512069702146,
    -3.220331950378418,
    -3.3133934272766115,
    -3.401241962623596
  ],
  "best_reward": -Infinity,
  "total_time": 273.4253513813019,
  "config": {
    "n_obs_neighbors": 1,
    "n_reward_neighbors": 1,
    "grid_x": 5,
    "grid_y": 5,
    "ddl": 2,
    "max_episodes": 50,
    "seed": 6000
  }
}