{
  "episode_rewards": [
    237.0,
    230.0,
    259.0,
    250.0,
    275.0,
    257.0,
    247.0,
    273.0,
    246.0,
    234.0,
    231.0,
    261.0,
    228.0,
    243.0,
    264.0,
    255.0,
    260.0,
    241.0,
    271.0,
    242.0,
    259.0,
    251.0,
    244.0,
    247.0,
    262.0,
    251.0,
    245.0,
    250.0,
    241.0,
    220.0,
    235.0,
    252.0,
    264.0,
    252.0,
    246.0,
    239.0,
    237.0,
    248.0,
    260.0,
    234.0,
    227.0,
    246.0,
    257.0,
    243.0,
    254.0,
    239.0,
    265.0,
    266.0,
    242.0,
    247.0
  ],
  "episode_lengths": [
    50,
    50,
    50,
    50,
    50,
    50,
    50,
    50,
    50,
    50,
    50,
    50,
    50,
    50,
    50,
    50,
    50,
    50,
    50,
    50,
    50,
    50,
    50,
    50,
    50,
    50,
    50,
    50,
    50,
    50,
    50,
    50,
    50,
    50,
    50,
    50,
    50,
    50,
    50,
    50,
    50,
    50,
    50,
    50,
    50,
    50,
    50,
    50,
    50,
    50
  ],
  "critic_losses": [
    0.0,
    0.0,
    0.0,
    0.0,
    0.0,
    0.0,
    0.0,
    0.0,
    0.0,
    0.0,
    0.0,
    0.0,
    0.0,
    0.0,
    0.0,
    0.0,
    0.0,
    0.0,
    0.0,
    0.0,
    0.15863543499708177,
    0.12029049118161202,
    0.10401816504895688,
    0.0906366146788001,
    0.08190436727404594,
    0.07486225667893887,
    0.07090340620279312,
    0.06914177579730749,
    0.06929384455978871,
    0.07083337790668011,
    0.07517712365686893,
    0.07722963879406453,
    0.08247586493194103,
    0.0857723997682333,
    0.0898623162984848,
    0.09536390102505683,
    0.09865947940349579,
    0.10208203742802142,
    0.10756164585649967,
    0.10964914602935315,
    0.11432862555086613,
    0.12028227963149547,
    0.12489175769388676,
    0.13154344236552715,
    0.1319588387787342,
    0.13653416054844855,
    0.1455490330696106,
    0.15103827747106552,
    0.1500281393766403,
    0.16131376484632493
  ],
  "actor_losses": [
    0.0,
    0.0,
    0.0,
    0.0,
    0.0,
    0.0,
    0.0,
    0.0,
    0.0,
    0.0,
    0.0,
    0.0,
    0.0,
    0.0,
    0.0,
    0.0,
    0.0,
    0.0,
    0.0,
    0.0,
    -0.2512117454431951,
    -0.4302503997389227,
    -0.5812766292020679,
    -0.6981376046419143,
    -0.791936672538519,
    -0.8794680453777314,
    -0.9666771457523108,
    -1.053673125788942,
    -1.1443846329700202,
    -1.2350036970306189,
    -1.3332562765974552,
    -1.4299618866056203,
    -1.5216735657811165,
    -1.6153624238491058,
    -1.7094211315870285,
    -1.8073215820550919,
    -1.8994103272914886,
    -1.9932370085716247,
    -2.0892025439739226,
    -2.182577542591095,
    -2.2780719121932984,
    -2.372184997844696,
    -2.4629850347518922,
    -2.5508850918769834,
    -2.649078515815735,
    -2.7388130462646485,
    -2.828826542377472,
    -2.918335474681854,
    -3.0121580319404604,
    -3.094536634540558
  ],
  "best_reward": -Infinity,
  "total_time": 199.29103255271912,
  "config": {
    "n_obs_neighbors": 1,
    "n_reward_neighbors": 1,
    "grid_x": 5,
    "grid_y": 5,
    "ddl": 2,
    "max_episodes": 50,
    "seed": 123
  }
}