{
  "episode_rewards": [
    239.0,
    230.0,
    231.0,
    241.0,
    247.0,
    242.0,
    230.0,
    224.0,
    248.0,
    257.0,
    248.0,
    258.0,
    255.0,
    243.0,
    219.0,
    235.0,
    247.0,
    239.0,
    258.0,
    262.0,
    276.0,
    258.0,
    254.0,
    261.0,
    238.0,
    244.0,
    249.0,
    242.0,
    249.0,
    251.0,
    238.0,
    227.0,
    229.0,
    239.0,
    240.0,
    258.0,
    241.0,
    244.0,
    240.0,
    266.0,
    244.0,
    235.0,
    253.0,
    247.0,
    233.0,
    250.0,
    241.0,
    238.0,
    236.0,
    266.0
  ],
  "episode_lengths": [
    50,
    50,
    50,
    50,
    50,
    50,
    50,
    50,
    50,
    50,
    50,
    50,
    50,
    50,
    50,
    50,
    50,
    50,
    50,
    50,
    50,
    50,
    50,
    50,
    50,
    50,
    50,
    50,
    50,
    50,
    50,
    50,
    50,
    50,
    50,
    50,
    50,
    50,
    50,
    50,
    50,
    50,
    50,
    50,
    50,
    50,
    50,
    50,
    50,
    50
  ],
  "critic_losses": [
    0.0,
    0.0,
    0.0,
    0.0,
    0.0,
    0.0,
    0.0,
    0.0,
    0.0,
    0.0,
    0.0,
    0.0,
    0.0,
    0.0,
    0.0,
    0.0,
    0.0,
    0.0,
    0.0,
    0.0,
    10.811291790008545,
    4.555440678596496,
    4.147714171409607,
    4.224632334709168,
    4.730574712753296,
    5.125905733108521,
    5.697527265548706,
    6.283368558883667,
    6.889563045501709,
    7.401565437316894,
    8.35598014831543,
    8.754751348495484,
    10.395680255889893,
    10.04770390510559,
    10.648788089752196,
    12.205320615768432,
    12.864523277282714,
    13.39990128517151,
    15.224512748718261,
    15.374267044067382,
    17.168186168670655,
    17.496254177093505,
    17.426682233810425,
    20.315021839141846,
    20.012494106292724,
    21.595658073425295,
    21.499741158485413,
    23.610012855529785,
    23.359519786834717,
    25.558842725753784
  ],
  "actor_losses": [
    0.0,
    0.0,
    0.0,
    0.0,
    0.0,
    0.0,
    0.0,
    0.0,
    0.0,
    0.0,
    0.0,
    0.0,
    0.0,
    0.0,
    0.0,
    0.0,
    0.0,
    0.0,
    0.0,
    0.0,
    -0.1909339600674808,
    -0.27826589778363703,
    -0.35270451760217547,
    -0.42428593971431255,
    -0.49116099876463415,
    -0.5580585008572787,
    -0.613184496666491,
    -0.6711948374524712,
    -0.7221138255268336,
    -0.7753655502945185,
    -0.8300263102538884,
    -0.8723517116382719,
    -0.921606774892658,
    -0.9651053657144308,
    -1.0200113498866559,
    -1.0550210463881493,
    -1.090238397204876,
    -1.1345068798899651,
    -1.1654967076294125,
    -1.2118298310779034,
    -1.2411128011096269,
    -1.279419773599878,
    -1.3167991282045841,
    -1.345775553418696,
    -1.3763268466800451,
    -1.4060497708678246,
    -1.4340969151794911,
    -1.4646396786928177,
    -1.4949092443346976,
    -1.524470195198059
  ],
  "best_reward": -Infinity,
  "total_time": 235.0230565071106,
  "config": {
    "n_obs_neighbors": 1,
    "n_reward_neighbors": 1,
    "grid_x": 5,
    "grid_y": 5,
    "ddl": 2,
    "max_episodes": 50,
    "seed": 456
  }
}