{
  "episode_rewards": [
    239.0,
    230.0,
    231.0,
    241.0,
    247.0,
    242.0,
    230.0,
    224.0,
    248.0,
    257.0,
    248.0,
    258.0,
    255.0,
    243.0,
    219.0,
    235.0,
    247.0,
    239.0,
    258.0,
    262.0,
    273.0,
    259.0,
    255.0,
    262.0,
    243.0,
    254.0,
    251.0,
    240.0,
    253.0,
    249.0,
    245.0,
    234.0,
    227.0,
    243.0,
    241.0,
    251.0,
    254.0,
    242.0,
    242.0,
    262.0,
    243.0,
    237.0,
    267.0,
    244.0,
    226.0,
    253.0,
    240.0,
    249.0,
    233.0,
    256.0
  ],
  "episode_lengths": [
    50,
    50,
    50,
    50,
    50,
    50,
    50,
    50,
    50,
    50,
    50,
    50,
    50,
    50,
    50,
    50,
    50,
    50,
    50,
    50,
    50,
    50,
    50,
    50,
    50,
    50,
    50,
    50,
    50,
    50,
    50,
    50,
    50,
    50,
    50,
    50,
    50,
    50,
    50,
    50,
    50,
    50,
    50,
    50,
    50,
    50,
    50,
    50,
    50,
    50
  ],
  "critic_losses": [
    0.0,
    0.0,
    0.0,
    0.0,
    0.0,
    0.0,
    0.0,
    0.0,
    0.0,
    0.0,
    0.0,
    0.0,
    0.0,
    0.0,
    0.0,
    0.0,
    0.0,
    0.0,
    0.0,
    0.0,
    0.1560296768426895,
    0.1192416308939457,
    0.10283987448513508,
    0.08970722966492176,
    0.07978118628561497,
    0.07269135359823704,
    0.07019049484729767,
    0.06823923403918743,
    0.06790780877768994,
    0.0694192677423358,
    0.07270152326822281,
    0.07458526771068573,
    0.07872468678057194,
    0.08117838132083416,
    0.08473626723885536,
    0.08874449437260627,
    0.09373975725769997,
    0.0989330482184887,
    0.10361676104068757,
    0.1087403492152691,
    0.11254735524952411,
    0.11682451443374157,
    0.12056528423130512,
    0.1268272728472948,
    0.13202571963071824,
    0.13365319919586183,
    0.140347095143795,
    0.1454150481760502,
    0.1476261769592762,
    0.1529318432569504
  ],
  "actor_losses": [
    0.0,
    0.0,
    0.0,
    0.0,
    0.0,
    0.0,
    0.0,
    0.0,
    0.0,
    0.0,
    0.0,
    0.0,
    0.0,
    0.0,
    0.0,
    0.0,
    0.0,
    0.0,
    0.0,
    0.0,
    -0.10439763107076287,
    -0.2748747512869537,
    -0.42356146523840726,
    -0.5378517519865185,
    -0.6444413064692169,
    -0.7459158880095929,
    -0.8302979288432747,
    -0.9191131440460681,
    -1.0108672670543193,
    -1.100358656334877,
    -1.1967030144015327,
    -1.2870383215409704,
    -1.3786753823325038,
    -1.4723192572772503,
    -1.5677846999526024,
    -1.6599013435840606,
    -1.751323818898201,
    -1.8464703093290329,
    -1.9343200876235962,
    -2.0310179921627043,
    -2.1208920915603637,
    -2.219925588607788,
    -2.312394356966019,
    -2.4029282306671145,
    -2.4946856523990633,
    -2.5843389353752135,
    -2.6734425476074217,
    -2.7656158203125,
    -2.852429596328735,
    -2.943120487880707
  ],
  "best_reward": -Infinity,
  "total_time": 309.13895416259766,
  "config": {
    "n_obs_neighbors": 1,
    "n_reward_neighbors": 1,
    "grid_x": 5,
    "grid_y": 5,
    "ddl": 2,
    "max_episodes": 50,
    "seed": 456
  }
}