{
  "n_seeds": 10,
  "valid_seeds": [
    42,
    123,
    456,
    789,
    1000,
    2000,
    3000,
    4000,
    5000,
    6000
  ],
  "n_episodes": 50,
  "final_mean_reward": 250.6,
  "final_std_reward": 9.971960689854328,
  "max_mean_reward": 258.8,
  "mean_rewards": [
    250.4,
    240.3,
    253.9,
    244.1,
    248.8,
    251.3,
    243.4,
    250.7,
    243.4,
    244.7,
    241.3,
    249.7,
    246.4,
    248.2,
    244.8,
    252.2,
    245.4,
    247.0,
    245.9,
    247.8,
    252.2,
    251.1,
    247.8,
    253.7,
    245.6,
    252.0,
    242.5,
    241.4,
    243.7,
    243.8,
    249.2,
    253.7,
    250.0,
    245.6,
    250.0,
    244.1,
    240.5,
    248.9,
    243.5,
    246.8,
    246.4,
    252.8,
    258.8,
    251.7,
    250.4,
    238.6,
    245.5,
    252.9,
    241.4,
    250.6
  ],
  "std_rewards": [
    13.462540622037135,
    9.154780172128659,
    15.648961626893971,
    11.255665240224587,
    13.636715146984628,
    10.178899744078434,
    9.8812954616285,
    16.60150595578606,
    9.393614852653903,
    8.62612311528186,
    11.207586716149022,
    10.714942836991712,
    10.394229168149026,
    8.63481325796916,
    11.556816170554933,
    9.987992791347017,
    11.217842929904126,
    7.293833011524188,
    16.866831356244717,
    10.879338215167317,
    10.952625256074455,
    11.00409014866745,
    8.255906976220118,
    11.437219941926447,
    12.815615474880635,
    7.912016177940993,
    8.697700845625814,
    13.365627557282899,
    14.966963619919706,
    13.13620949893842,
    13.614697940094006,
    14.615402833996741,
    20.351904087824312,
    15.825296205758677,
    10.488088481701515,
    13.91006829602213,
    11.4564392373896,
    5.39351462406472,
    11.817360111293892,
    7.222188034107115,
    14.416657032752079,
    9.162968951164245,
    13.272528018429647,
    14.156623891309678,
    12.208193969625482,
    12.58729518204765,
    15.825612152457168,
    9.256889326334198,
    16.243152403397563,
    9.971960689854328
  ]
}