{
  "episode_rewards": [
    274.0,
    255.0,
    262.0,
    253.0,
    263.0,
    266.0,
    241.0,
    236.0,
    244.0,
    242.0,
    232.0,
    227.0,
    255.0,
    243.0,
    253.0,
    254.0,
    259.0,
    262.0,
    228.0,
    247.0,
    248.0,
    232.0,
    247.0,
    234.0,
    258.0,
    243.0,
    234.0,
    259.0,
    261.0,
    257.0,
    256.0,
    258.0,
    234.0,
    242.0,
    270.0,
    232.0,
    247.0,
    250.0,
    257.0,
    256.0,
    263.0,
    260.0,
    257.0,
    251.0,
    236.0,
    247.0,
    263.0,
    254.0,
    245.0,
    259.0
  ],
  "episode_lengths": [
    50,
    50,
    50,
    50,
    50,
    50,
    50,
    50,
    50,
    50,
    50,
    50,
    50,
    50,
    50,
    50,
    50,
    50,
    50,
    50,
    50,
    50,
    50,
    50,
    50,
    50,
    50,
    50,
    50,
    50,
    50,
    50,
    50,
    50,
    50,
    50,
    50,
    50,
    50,
    50,
    50,
    50,
    50,
    50,
    50,
    50,
    50,
    50,
    50,
    50
  ],
  "critic_losses": [
    0.0,
    0.0,
    0.0,
    0.0,
    0.0,
    0.0,
    0.0,
    0.0,
    0.0,
    0.0,
    0.0,
    0.0,
    0.0,
    0.0,
    0.0,
    0.0,
    0.0,
    0.0,
    0.0,
    0.0,
    0.15635996208786965,
    0.11688974015712739,
    0.10244865176677703,
    0.09185045019686222,
    0.08232514373362064,
    0.07845596626400947,
    0.07351653877198697,
    0.07257526757717132,
    0.07182337338030338,
    0.07208338181525469,
    0.0743430015861988,
    0.07838380159437656,
    0.08235454947054387,
    0.08571200039386749,
    0.09219444965422154,
    0.09489863758683205,
    0.09974532077014446,
    0.10499406087994576,
    0.10957544087171554,
    0.11627866735160351,
    0.11957186433076858,
    0.12027697896063327,
    0.13040138511955737,
    0.13330707226991653,
    0.13733792327940464,
    0.14723273295760156,
    0.14699608678519727,
    0.15138763795495033,
    0.15620086267888547,
    0.16477812374830245
  ],
  "actor_losses": [
    0.0,
    0.0,
    0.0,
    0.0,
    0.0,
    0.0,
    0.0,
    0.0,
    0.0,
    0.0,
    0.0,
    0.0,
    0.0,
    0.0,
    0.0,
    0.0,
    0.0,
    0.0,
    0.0,
    0.0,
    -0.36431602365076543,
    -0.5304922135349364,
    -0.6811323446363211,
    -0.8028266720507294,
    -0.8984420987986028,
    -0.9857322881996632,
    -1.0729963913548737,
    -1.161096245650947,
    -1.250241180896759,
    -1.3412796086192131,
    -1.435077905011177,
    -1.5223253668546677,
    -1.6135298221111298,
    -1.7079512341022491,
    -1.7942357211589812,
    -1.88658909201622,
    -1.976721997833252,
    -2.06528705739975,
    -2.157549920463562,
    -2.2482573266983032,
    -2.334879350852966,
    -2.433504792022705,
    -2.5204676705360414,
    -2.6095920866966247,
    -2.7031393713951113,
    -2.785986480998993,
    -2.879229434967041,
    -2.9708266231536866,
    -3.0536769563674926,
    -3.14435557384491
  ],
  "best_reward": -Infinity,
  "total_time": 298.8885064125061,
  "config": {
    "n_obs_neighbors": 1,
    "n_reward_neighbors": 1,
    "grid_x": 5,
    "grid_y": 5,
    "ddl": 2,
    "max_episodes": 50,
    "seed": 2000
  }
}